#
# There is insufficient memory for the Java Runtime Environment to continue.
# Native memory allocation (mmap) failed to map 8388608 bytes. Error detail: G1 virtual space
# Possible reasons:
#   The system is out of physical RAM or swap space
#   This process is running with CompressedOops enabled, and the Java Heap may be blocking the growth of the native heap
# Possible solutions:
#   Reduce memory load on the system
#   Increase physical memory or swap space
#   Check if swap backing store is full
#   Decrease Java heap size (-Xmx/-Xms)
#   Decrease number of Java threads
#   Decrease Java thread stack sizes (-Xss)
#   Set larger code cache with -XX:ReservedCodeCacheSize=
#   JVM is running with Zero Based Compressed Oops mode in which the Java heap is
#     placed in the first 32GB address space. The Java Heap base address is the
#     maximum limit for the native heap growth. Please use -XX:HeapBaseMinAddress
#     to set the Java Heap base and to place the Java Heap above 32GB virtual address.
# This output file may be truncated or incomplete.
#
#  Out of Memory Error (os_windows.cpp:3631), pid=95432, tid=97572
#
# JRE version: Java(TM) SE Runtime Environment (22.0.2+9) (build 22.0.2+9-70)
# Java VM: Java HotSpot(TM) 64-Bit Server VM (22.0.2+9-70, mixed mode, sharing, tiered, compressed oops, compressed class ptrs, g1 gc, windows-amd64)
# No core dump will be written. Minidumps are not enabled by default on client versions of Windows
#

---------------  S U M M A R Y ------------

Command Line: -ea -DbrowserMode=headless -Dcucumber.filter.tags=@test -DcredsFilePath=src/test/resources/Credentials.properties.txt -DthreadCount=1 -Denv=dev -Dbrowser=chrome -Didea.test.cyclic.buffer.size=1048576 -javaagent:C:\Program Files\JetBrains\IntelliJ IDEA Community Edition 2024.2.0.2\lib\idea_rt.jar=54516:C:\Program Files\JetBrains\IntelliJ IDEA Community Edition 2024.2.0.2\bin -Dfile.encoding=UTF-8 -Dsun.stdout.encoding=UTF-8 -Dsun.stderr.encoding=UTF-8 com.intellij.rt.testng.RemoteTestNGStarter -usedefaultlisteners false -socket54515 @w@C:\Users\sangeetha\AppData\Local\Temp\idea_working_dirs_testng.tmp -temp C:\Users\sangeetha\AppData\Local\Temp\idea_testng.tmp

Host: Intel(R) Core(TM) i5-8365U CPU @ 1.60GHz, 8 cores, 31G,  Windows 11 , 64 bit Build 22621 (10.0.22621.4391)
Time: Wed Jan 22 13:14:33 2025 India Standard Time elapsed time: 5305.353225 seconds (0d 1h 28m 25s)

---------------  T H R E A D  ---------------

Current thread (0x00000142a294a4d0):  VMThread "VM Thread"          [id=97572, stack(0x0000004261300000,0x0000004261400000) (1024K)]

Stack: [0x0000004261300000,0x0000004261400000]
Native frames: (J=compiled Java code, j=interpreted, Vv=VM code, C=native code)
V  [jvm.dll+0x6e26e9]  (no source info available)
V  [jvm.dll+0x875753]  (no source info available)
V  [jvm.dll+0x877b7e]  (no source info available)
V  [jvm.dll+0x878253]  (no source info available)
V  [jvm.dll+0x27fc86]  (no source info available)
V  [jvm.dll+0x6ded85]  (no source info available)
V  [jvm.dll+0x6d388a]  (no source info available)
V  [jvm.dll+0x358b8a]  (no source info available)
V  [jvm.dll+0x3610b6]  (no source info available)
V  [jvm.dll+0x3b419e]  (no source info available)
V  [jvm.dll+0x3b4448]  (no source info available)
V  [jvm.dll+0x32c5ec]  (no source info available)
V  [jvm.dll+0x32f036]  (no source info available)
V  [jvm.dll+0x339371]  (no source info available)
V  [jvm.dll+0x370515]  (no source info available)
V  [jvm.dll+0x87e0f0]  (no source info available)
V  [jvm.dll+0x87f477]  (no source info available)
V  [jvm.dll+0x87f9f0]  (no source info available)
V  [jvm.dll+0x87fc93]  (no source info available)
V  [jvm.dll+0x81dc0b]  (no source info available)
V  [jvm.dll+0x6e0d85]  (no source info available)
C  [ucrtbase.dll+0x29333]  (no source info available)
C  [KERNEL32.DLL+0x1259d]  (no source info available)
C  [ntdll.dll+0x5af38]  (no source info available)

VM_Operation (0x0000004260effb00): G1PauseRemark, mode: safepoint, requested by thread 0x00000142fc9a1e90


---------------  P R O C E S S  ---------------

Threads class SMR info:
_java_thread_list=0x00000142eaaacac0, length=710, elements={
0x00000142fc928fb0, 0x00000142a296d580, 0x00000142a296e1e0, 0x00000142a2971cf0,
0x00000142a2974760, 0x00000142a29751c0, 0x00000142a2976d60, 0x00000142a2983130,
0x00000142a2983e40, 0x00000142a2a4f040, 0x00000142a2c349f0, 0x00000142a2c3d340,
0x00000142ec4ff280, 0x00000142ec500630, 0x00000142ec4febf0, 0x00000142e93c8320,
0x00000142e93c6f70, 0x00000142e93ce590, 0x00000142e93cd870, 0x00000142e93cb110,
0x00000142e93cb7a0, 0x00000142e93c7c90, 0x00000142e93c96d0, 0x00000142e93c9d60,
0x00000142eb55fcf0, 0x00000142eb55f660, 0x00000142eb560380, 0x00000142eb55e940,
0x00000142eb560a10, 0x00000142eb55cf00, 0x00000142e93c7600, 0x00000142e93c89b0,
0x00000142e93cdf00, 0x00000142ec7e2610, 0x00000142ec7e0540, 0x00000142ec7deb00,
0x00000142ec7e1260, 0x00000142ec7e39c0, 0x00000142ec7e46e0, 0x00000142ec7e4d70,
0x00000142eb55c1e0, 0x00000142eb561dc0, 0x00000142eb55c870, 0x00000142eb562450,
0x00000142eb55e2b0, 0x00000142ec7e5400, 0x00000142ec7e5a90, 0x00000142ec7e6120,
0x00000142ec7e4050, 0x00000142e93ccb50, 0x00000142e93c9040, 0x00000142e93cc4c0,
0x00000142eb562ae0, 0x00000142ec7df820, 0x00000142ec7e2ca0, 0x00000142ec7e3330,
0x00000142ec4fded0, 0x00000142e93cbe30, 0x00000142e93cd1e0, 0x00000142eb55d590,
0x00000142eb55efd0, 0x00000142ec7e18f0, 0x00000142ec7e0bd0, 0x00000142ec7e1f80,
0x00000142eb55b4c0, 0x00000142eb8956e0, 0x00000142eb893ca0, 0x00000142eb895d70,
0x00000142eb8928f0, 0x00000142eb896a90, 0x00000142eb891bd0, 0x00000142eb894330,
0x00000142eb891540, 0x00000142ec4fe560, 0x00000142ec4ff910, 0x00000142eb892f80,
0x00000142ec7df190, 0x00000142ec7ecc80, 0x00000142ec7ebf60, 0x00000142ec7ed310,
0x00000142ec7e8450, 0x00000142ec7ea520, 0x00000142ec7e7dc0, 0x00000142ec7eb8d0,
0x00000142ec7e7730, 0x00000142eb896400, 0x00000142eb8977b0, 0x00000142eb893610,
0x00000142ec7ed9a0, 0x00000142ec7eabb0, 0x00000142ec7ee030, 0x00000142ec7eb240,
0x00000142eb890820, 0x00000142ec7e9800, 0x00000142ec7e8ae0, 0x00000142ec7ee6c0,
0x00000142ec7dfeb0, 0x00000142e8b16420, 0x00000142e8b184f0, 0x00000142e8b15d90,
0x00000142e8b17140, 0x00000142e8b11bf0, 0x00000142e8b12910, 0x00000142e8b17e60,
0x00000142e8b177d0, 0x00000142eb897120, 0x00000142eb890eb0, 0x00000142eb895050,
0x00000142ec7e9e90, 0x00000142e8b15700, 0x00000142e8b14350, 0x00000142e8b12fa0,
0x00000142e8b12280, 0x00000142eb55bb50, 0x00000142eb8949c0, 0x00000142eb890190,
0x00000142e8b149e0, 0x00000142eb501d20, 0x00000142eb503760, 0x00000142eb502a40,
0x00000142e8b16ab0, 0x00000142eb503df0, 0x00000142eb500970, 0x00000142eb501000,
0x00000142e8b15070, 0x00000142ec56a6d0, 0x00000142ec56a040, 0x00000142ec56ba80,
0x00000142ec7eed50, 0x00000142ec56ad60, 0x00000142ec56b3f0, 0x00000142e8b11560,
0x00000142eb892260, 0x00000142e87ef4d0, 0x00000142e87ed400, 0x00000142e87efb60,
0x00000142e87f1c30, 0x00000142e87ee7b0, 0x00000142e87eee40, 0x00000142e87f0f10,
0x00000142ec56c7a0, 0x00000142e87f01f0, 0x00000142e87f15a0, 0x00000142e87f22c0,
0x00000142eb501690, 0x00000142e87f0880, 0x00000142e87f2950, 0x00000142e87ecd70,
0x00000142ec4fffa0, 0x00000142e87eda90, 0x00000142ec5699b0, 0x00000142ec56c110,
0x00000142ec7e9170, 0x00000142ec03a0b0, 0x00000142ec03add0, 0x00000142ec03cea0,
0x00000142ec03c180, 0x00000142ec03f600, 0x00000142ec03e8e0, 0x00000142ec03fc90,
0x00000142ec041040, 0x00000142ec039a20, 0x00000142ec044b50, 0x00000142ec042a80,
0x00000142ec043e30, 0x00000142ec03c810, 0x00000142ec037fe0, 0x00000142ec043110,
0x00000142e87ee120, 0x00000142ec038670, 0x00000142ec03dbc0, 0x00000142ec037950,
0x00000142eb5030d0, 0x00000142ec040320, 0x00000142ec039390, 0x00000142ec0409b0,
0x00000142ec0451e0, 0x00000142ec046590, 0x00000142ec046c20, 0x00000142ec0423f0,
0x00000142e8768060, 0x00000142e8761760, 0x00000142e8765270, 0x00000142e8761df0,
0x00000142e8763ec0, 0x00000142e8763830, 0x00000142e8764be0, 0x00000142e8762480,
0x00000142e876c890, 0x00000142e8762b10, 0x00000142e876ae50, 0x00000142e876bb70,
0x00000142e876cf20, 0x00000142e87686f0, 0x00000142e876fd10, 0x00000142e87703a0,
0x00000142ec0416d0, 0x00000142ec03e250, 0x00000142ec045f00, 0x00000142ec045870,
0x00000142e8769410, 0x00000142e8765900, 0x00000142e8768d80, 0x00000142e8766cb0,
0x00000142e876b4e0, 0x00000142e876e960, 0x00000142e87679d0, 0x00000142e8770a30,
0x00000142ec03baf0, 0x00000142e8b13630, 0x00000142e8b10ed0, 0x00000142e8b13cc0,
0x00000142e93ca3f0, 0x00000142ec500cc0, 0x00000142ec7ec5f0, 0x00000142ec8bc1e0,
0x00000142ec8c2450, 0x00000142ec8c1730, 0x00000142ec8c1dc0, 0x00000142ec8c0a10,
0x00000142ec8c4520, 0x00000142ec8be2b0, 0x00000142ec8c58d0, 0x00000142ec8c5f60,
0x00000142ec8c6c80, 0x00000142ec8c79a0, 0x00000142ec8c86c0, 0x00000142ec8c8d50,
0x00000142ec8ca790, 0x00000142e876a7c0, 0x00000142e8764550, 0x00000142e8765f90,
0x00000142e876e2d0, 0x00000142ec03d530, 0x00000142ec8c10a0, 0x00000142ec8be940,
0x00000142ec8c3800, 0x00000142ec8c3e90, 0x00000142ec8bf660, 0x00000142ec8bfcf0,
0x00000142ec8c7310, 0x00000142ec8c9a70, 0x00000142e8767340, 0x00000142e8769aa0,
0x00000142e876d5b0, 0x00000142ec038d00, 0x00000142ec041d60, 0x00000142ec8c3170,
0x00000142eb55dc20, 0x00000142eb2c4d70, 0x00000142eb2c95a0, 0x00000142eb2c81f0,
0x00000142eb2c8880, 0x00000142eb2c5a90, 0x00000142eb2c2610, 0x00000142eb2ca950,
0x00000142eb2c39c0, 0x00000142eb2cbd00, 0x00000142eb2cc390, 0x00000142eb2cca20,
0x00000142eb2cd0b0, 0x00000142eb2c5400, 0x00000142eb2cf180, 0x00000142eb2cfea0,
0x00000142ec8c2ae0, 0x00000142ec8bcf00, 0x00000142ec8c5240, 0x00000142ec8c93e0,
0x00000142ec8c8030, 0x00000142ec0437a0, 0x00000142ec0444c0, 0x00000142e876eff0,
0x00000142e87eb9c0, 0x00000142eb2cb670, 0x00000142eb2c46e0, 0x00000142eb2c74d0,
0x00000142ec8cae20, 0x00000142eb2c67b0, 0x00000142eb2c3330, 0x00000142eb2cafe0,
0x00000142ec8befd0, 0x00000142eae29130, 0x00000142eae2d2d0, 0x00000142eae2cc40,
0x00000142eae2b200, 0x00000142eae2ab70, 0x00000142eae28410, 0x00000142eae2e680,
0x00000142eae2f3a0, 0x00000142eae2a4e0, 0x00000142eae276f0, 0x00000142eae32820,
0x00000142eae34260, 0x00000142eae297c0, 0x00000142eae37050, 0x00000142eae376e0,
0x00000142eae37d70, 0x00000142eae32eb0, 0x00000142eae3a4d0, 0x00000142eae33540,
0x00000142eae348f0, 0x00000142eae3f390, 0x00000142eae400b0, 0x00000142eae3c5a0,
0x00000142eae3e670, 0x00000142eae2dff0, 0x00000142eae28aa0, 0x00000142eae2bf20,
0x00000142eae44f70, 0x00000142eae2fa30, 0x00000142eae29e50, 0x00000142eae30750,
0x00000142eae41af0, 0x00000142eae27060, 0x00000142eae35ca0, 0x00000142eae32190,
0x00000142eae36330, 0x00000142eae30de0, 0x00000142eae3fa20, 0x00000142eae3b880,
0x00000142eae3bf10, 0x00000142eae2d960, 0x00000142eae3d2c0, 0x00000142eae3ed00,
0x00000142eae40dd0, 0x00000142eb2c9c30, 0x00000142eb2c8f10, 0x00000142eb2c2ca0,
0x00000142eb2ceaf0, 0x00000142eb2d18e0, 0x00000142eb2cd740, 0x00000142eae27d80,
0x00000142eae44250, 0x00000142eae300c0, 0x00000142eae38a90, 0x00000142eae31b00,
0x00000142ec8bdc20, 0x00000142ec8c65f0, 0x00000142ec8c4bb0, 0x00000142eae2b890,
0x00000142eae38400, 0x00000142e876dc40, 0x00000142e876f680, 0x00000142ec03b460,
0x00000142eae35610, 0x00000142eae397b0, 0x00000142eae39e40, 0x00000142eae3b1f0,
0x00000142eb2c6120, 0x00000142eb2c6e40, 0x00000142eb2cf810, 0x00000142eb2ce460,
0x00000142eae448e0, 0x00000142eae3ab60, 0x00000142eb5610a0, 0x00000142eb561730,
0x00000142eb5023b0, 0x00000142e930ace0, 0x00000142e93064b0, 0x00000142e9308580,
0x00000142e9308c10, 0x00000142e9307860, 0x00000142e930b370, 0x00000142e930c090,
0x00000142e9305e20, 0x00000142e930fba0, 0x00000142e930dad0, 0x00000142e930e160,
0x00000142e9310f50, 0x00000142e9306b40, 0x00000142e93071d0, 0x00000142e9305790,
0x00000142e930a650, 0x00000142e930d440, 0x00000142e9309fc0, 0x00000142e9312300,
0x00000142e93143d0, 0x00000142e9310230, 0x00000142e930ee80, 0x00000142e93108c0,
0x00000142e93164a0, 0x00000142e930cdb0, 0x00000142e9313020, 0x00000142e9311c70,
0x00000142e9317ee0, 0x00000142e93136b0, 0x00000142e9315780, 0x00000142e9314a60,
0x00000142e9316b30, 0x00000142e931cda0, 0x00000142e931d430, 0x00000142e931dac0,
0x00000142e931f500, 0x00000142e9307ef0, 0x00000142e93171c0, 0x00000142e9318c00,
0x00000142e931c710, 0x00000142e9319920, 0x00000142e931c080, 0x00000142e9320220,
0x00000142e9323010, 0x00000142e9319290, 0x00000142e93150f0, 0x00000142e9315e10,
0x00000142e9321c60, 0x00000142eae369c0, 0x00000142eae33bd0, 0x00000142eae31470,
0x00000142eae3dfe0, 0x00000142eae45600, 0x00000142eae42180, 0x00000142eae45c90,
0x00000142e9323d30, 0x00000142e93215d0, 0x00000142e9324a50, 0x00000142e93208b0,
0x00000142e931b9f0, 0x00000142e9322980, 0x00000142e931fb90, 0x00000142e9312990,
0x00000142e931b360, 0x00000142eae46320, 0x00000142eae2c5b0, 0x00000142eae34f80,
0x00000142eae40740, 0x00000142eb2d0bc0, 0x00000142eb2d1250, 0x00000142eb2ca2c0,
0x00000142e93243c0, 0x00000142e9317850, 0x00000142e9318570, 0x00000142e931acd0,
0x00000142ec8ca100, 0x00000142eae2ed10, 0x00000142eae3cc30, 0x00000142eae42810,
0x00000142e87eb330, 0x00000142eb2d0530, 0x00000142e93236a0, 0x00000142e931ee70,
0x00000142ec4fd840, 0x00000142eb9b9720, 0x00000142eb9b8a00, 0x00000142eb9b8370,
0x00000142eb9b9090, 0x00000142eb9ba440, 0x00000142eb9bb160, 0x00000142eb9bdf50,
0x00000142eb9bd230, 0x00000142eb9b6fc0, 0x00000142eb9b4ef0, 0x00000142eb9bc510,
0x00000142eb9b6930, 0x00000142eb9b7ce0, 0x00000142eb9bbe80, 0x00000142eb9b5580,
0x00000142eb9c2780, 0x00000142eb9b9db0, 0x00000142eb9bd8c0, 0x00000142eb9be5e0,
0x00000142eb9c4850, 0x00000142eb9bf300, 0x00000142eb9c0020, 0x00000142eb9c0d40,
0x00000142eb9c9080, 0x00000142eb9bcba0, 0x00000142eb9b62a0, 0x00000142eb9c34a0,
0x00000142eb9c6290, 0x00000142eb9c5c00, 0x00000142eb9c1a60, 0x00000142eb9c6920,
0x00000142eb9c7640, 0x00000142eb9c9da0, 0x00000142eb9ca430, 0x00000142eb9caac0,
0x00000142eb9cc500, 0x00000142eb9bb7f0, 0x00000142eb9c06b0, 0x00000142eb9baad0,
0x00000142eb9cb150, 0x00000142eb9c2e10, 0x00000142eb9c4ee0, 0x00000142eb9bf990,
0x00000142eb9c9710, 0x00000142eb9c3b30, 0x00000142eb9ccb90, 0x00000142eb9cd220,
0x00000142eb9d3b20, 0x00000142eb9c5570, 0x00000142eb9bec70, 0x00000142eb9cdf40,
0x00000142eb9cbe70, 0x00000142eb9c20f0, 0x00000142eb9c41c0, 0x00000142eb9ce5d0,
0x00000142eb9d0d30, 0x00000142eb9c13d0, 0x00000142eb9cec60, 0x00000142eb9c89f0,
0x00000142e930c720, 0x00000142e9320f40, 0x00000142e93222f0, 0x00000142eb9b7650,
0x00000142eb9cf2f0, 0x00000142eae39120, 0x00000142eae3d950, 0x00000142eb9cb7e0,
0x00000142eb9d1a50, 0x00000142eb9cd8b0, 0x00000142eb9c8360, 0x00000142eb9d20e0,
0x00000142ec8bc870, 0x00000142e930ba00, 0x00000142e9319fb0, 0x00000142e931a640,
0x00000142eb9d41b0, 0x00000142eb9d0010, 0x00000142eb9c6fb0, 0x00000142e876a130,
0x00000142e87ec6e0, 0x00000142ea930c50, 0x00000142ea92f210, 0x00000142ea933a40,
0x00000142ea92de60, 0x00000142ea9340d0, 0x00000142ea9361a0, 0x00000142ea934760,
0x00000142ea92ff30, 0x00000142ea937be0, 0x00000142ea934df0, 0x00000142ea938270,
0x00000142ea939cb0, 0x00000142ea92d140, 0x00000142ea932000, 0x00000142ea93a9d0,
0x00000142ea93c410, 0x00000142ea92eb80, 0x00000142ea92d7d0, 0x00000142ea92e4f0,
0x00000142ea93b060, 0x00000142eb9d3490, 0x00000142eb9b5c10, 0x00000142eb9c7cd0,
0x00000142ea935480, 0x00000142ea939620, 0x00000142ea932690, 0x00000142ea932d20,
0x00000142ea93d130, 0x00000142ea936830, 0x00000142ea9305c0, 0x00000142ea92f8a0,
0x00000142ea9333b0, 0x00000142eb9d13c0, 0x00000142eb9cf980, 0x00000142ea9312e0,
0x00000142ea935b10, 0x00000142ec8bd590, 0x00000142ec8cb4b0, 0x00000142eae42ea0,
0x00000142eb9d2770, 0x00000142ea938900, 0x00000142ea93d7c0, 0x00000142ea938f90,
0x00000142eb2cddd0, 0x00000142e876c200, 0x00000142eb9d2e00, 0x00000142eb9d06a0,
0x00000142ea93a340, 0x00000142eb9fb9c0, 0x00000142eb9fa610, 0x00000142eb9fcd70,
0x00000142eb9f7eb0, 0x00000142eb9e08a0, 0x00000142eb9e0f30, 0x00000142eb9e4a40,
0x00000142eb9e1c50, 0x00000142eb9dfb80, 0x00000142eb9e0210, 0x00000142eb9e3690,
0x00000142eb9e3d20, 0x00000142eb9e5df0, 0x00000142eb9e9900, 0x00000142eb9e9f90,
0x00000142eb9ea620, 0x00000142eb9e2970, 0x00000142eb9dee60, 0x00000142eb9df4f0,
0x00000142eb9ec6f0, 0x00000142eb9de140, 0x00000142eb9e6b10, 0x00000142eb9eb340,
0x00000142eb9eb9d0, 0x00000142eb9ec060, 0x00000142eb9ecd80, 0x00000142eb9ed410,
0x00000142eb9e7830, 0x00000142eb9de7d0, 0x00000142eb9f0200, 0x00000142eb9efb70,
0x00000142eb9f7820, 0x00000142eb9edaa0, 0x00000142eb9eacb0, 0x00000142eb9f22d0,
0x00000142eb9f3d10, 0x00000142eb9e43b0, 0x00000142eb9e8be0, 0x00000142eb9e9270,
0x00000142eb9e6480, 0x00000142eb9e15c0, 0x00000142eb9e50d0, 0x00000142eb9e7ec0,
0x00000142eb9f50c0, 0x00000142eb9ee7c0, 0x00000142eb9eee50, 0x00000142eb9ef4e0,
0x00000142eb9f43a0, 0x00000142eb9e8550, 0x00000142eb9f6b00, 0x00000142eb9f7190,
0x00000142eb9f8540, 0x00000142eb9f5750, 0x00000142eb9f2960, 0x00000142eb9f0890,
0x00000142ea931970, 0x00000142eb9ddab0, 0x00000142eb9e22e0, 0x00000142eb9e3000,
0x00000142eb9faca0, 0x00000142eb9e71a0, 0x00000142eb9f5de0, 0x00000142eb9f2ff0,
0x00000142eb9f15b0, 0x00000142eb9f9260, 0x00000142eb9f98f0, 0x00000142eb9f9f80,
0x00000142ea93caa0, 0x00000142e931e150, 0x00000142e931e7e0, 0x00000142ea93bd80,
0x00000142e87631a0, 0x00000142ebb28c20, 0x00000142ebb292b0, 0x00000142ebb25110,
0x00000142ebb23040, 0x00000142ebb2acf0, 0x00000142ebb27f00, 0x00000142ebb236d0,
0x00000142ebb27870, 0x00000142ebb26b50, 0x00000142ebb257a0, 0x00000142ebb23d60,
0x00000142ebb2c0a0, 0x00000142ebb2c730, 0x00000142ebb25e30, 0x00000142ebb336c0,
0x00000142ebb2fbb0, 0x00000142ebb31c80, 0x00000142ebb243f0, 0x00000142ebb29fd0,
0x00000142ebb2a660, 0x00000142ebb2cdc0, 0x00000142ebb2d450, 0x00000142ebb264c0,
0x00000142ebb33d50, 0x00000142ebb308d0, 0x00000142ebb30240, 0x00000142ebb2dae0,
0x00000142ebb2e170, 0x00000142ebb2e800, 0x00000142ebb2f520, 0x00000142ebb34a70,
0x00000142ebb35100, 0x00000142ebb35790, 0x00000142ebb35e20, 0x00000142ebb364b0,
0x00000142ebb36b40, 0x00000142ebb32310, 0x00000142ebb28590, 0x00000142ebb33030,
0x00000142ebb371d0, 0x00000142ebb37860, 0x00000142ebb37ef0, 0x00000142ebb30f60,
0x00000142ebb38580, 0x00000142ebb315f0, 0x00000142ebb38c10, 0x00000142ebb392a0,
0x00000142ebb39930, 0x00000142ebb2ba10, 0x00000142ebb271e0, 0x00000142ebb2ee90,
0x00000142ebb329a0, 0x00000142ebb39fc0, 0x00000142ebb24a80, 0x00000142ebb3a650,
0x00000142ebb3ace0, 0x00000142ebb343e0, 0x00000142ebb3ba00, 0x00000142ebb3c090,
0x00000142ebb3b370, 0x00000142ebb3c720, 0x00000142ebb3cdb0, 0x00000142ebb3d440,
0x00000142ebb436b0, 0x00000142ebb3ee80, 0x00000142ebb2b380, 0x00000142ebb43d40,
0x00000142ebb3e160, 0x00000142ebb3f510
}

Java Threads: ( => current thread )
  0x00000142fc928fb0 JavaThread "main"                              [_thread_blocked, id=105768, stack(0x0000004260c00000,0x0000004260d00000) (1024K)]
  0x00000142a296d580 JavaThread "Reference Handler"          daemon [_thread_blocked, id=104192, stack(0x0000004261400000,0x0000004261500000) (1024K)]
  0x00000142a296e1e0 JavaThread "Finalizer"                  daemon [_thread_blocked, id=104368, stack(0x0000004261500000,0x0000004261600000) (1024K)]
  0x00000142a2971cf0 JavaThread "Signal Dispatcher"          daemon [_thread_blocked, id=102348, stack(0x0000004261600000,0x0000004261700000) (1024K)]
  0x00000142a2974760 JavaThread "Attach Listener"            daemon [_thread_blocked, id=103780, stack(0x0000004261700000,0x0000004261800000) (1024K)]
  0x00000142a29751c0 JavaThread "Service Thread"             daemon [_thread_blocked, id=101804, stack(0x0000004261800000,0x0000004261900000) (1024K)]
  0x00000142a2976d60 JavaThread "Monitor Deflation Thread"   daemon [_thread_blocked, id=98884, stack(0x0000004261900000,0x0000004261a00000) (1024K)]
  0x00000142a2983130 JavaThread "C2 CompilerThread0"         daemon [_thread_blocked, id=97568, stack(0x0000004261a00000,0x0000004261b00000) (1024K)]
  0x00000142a2983e40 JavaThread "C1 CompilerThread0"         daemon [_thread_blocked, id=103544, stack(0x0000004261b00000,0x0000004261c00000) (1024K)]
  0x00000142a2a4f040 JavaThread "Common-Cleaner"             daemon [_thread_blocked, id=98084, stack(0x0000004261c00000,0x0000004261d00000) (1024K)]
  0x00000142a2c349f0 JavaThread "Monitor Ctrl-Break"         daemon [_thread_in_native, id=96084, stack(0x0000004261e00000,0x0000004261f00000) (1024K)]
  0x00000142a2c3d340 JavaThread "Notification Thread"        daemon [_thread_blocked, id=103240, stack(0x0000004261f00000,0x0000004262000000) (1024K)]
  0x00000142ec4ff280 JavaThread "External Process Output Forwarder - C:\Users\sangeetha\.cache\selenium\chromedriver\win64\127.0.6533.119\chromedriver.exe" daemon [_thread_in_native, id=90580, stack(0x0000004262c00000,0x0000004262d00000) (1024K)]
  0x00000142ec500630 JavaThread "Driver Service Executor"    daemon [_thread_blocked, id=99100, stack(0x0000004262d00000,0x0000004262e00000) (1024K)]
  0x00000142ec4febf0 JavaThread "Driver Service Executor"    daemon [_thread_blocked, id=94092, stack(0x0000004262e00000,0x0000004262f00000) (1024K)]
  0x00000142e93c8320 JavaThread "HttpClient-2-SelectorManager" daemon [_thread_in_native, id=106564, stack(0x0000004261d00000,0x0000004261e00000) (1024K)]
  0x00000142e93c6f70 JavaThread "mysql-cj-abandoned-connection-cleanup" daemon [_thread_blocked, id=73800, stack(0x0000004263700000,0x0000004263800000) (1024K)]
  0x00000142e93ce590 JavaThread "External Process Output Forwarder - C:\Users\sangeetha\.cache\selenium\chromedriver\win64\127.0.6533.119\chromedriver.exe" daemon [_thread_in_native, id=103396, stack(0x0000004263c00000,0x0000004263d00000) (1024K)]
  0x00000142e93cd870 JavaThread "Driver Service Executor"    daemon [_thread_blocked, id=98836, stack(0x0000004263d00000,0x0000004263e00000) (1024K)]
  0x00000142e93cb110 JavaThread "Driver Service Executor"    daemon [_thread_blocked, id=97680, stack(0x0000004263e00000,0x0000004263f00000) (1024K)]
  0x00000142e93cb7a0 JavaThread "HttpClient-4-SelectorManager" daemon [_thread_in_native, id=109192, stack(0x0000004263900000,0x0000004263a00000) (1024K)]
  0x00000142e93c7c90 JavaThread "External Process Output Forwarder - C:\Users\sangeetha\.cache\selenium\chromedriver\win64\127.0.6533.119\chromedriver.exe" daemon [_thread_in_native, id=93512, stack(0x0000004260a00000,0x0000004260b00000) (1024K)]
  0x00000142e93c96d0 JavaThread "Driver Service Executor"    daemon [_thread_blocked, id=105272, stack(0x0000004260b00000,0x0000004260c00000) (1024K)]
  0x00000142e93c9d60 JavaThread "Driver Service Executor"    daemon [_thread_blocked, id=90428, stack(0x0000004262000000,0x0000004262100000) (1024K)]
  0x00000142eb55fcf0 JavaThread "HttpClient-6-SelectorManager" daemon [_thread_in_native, id=80692, stack(0x0000004264500000,0x0000004264600000) (1024K)]
  0x00000142eb55f660 JavaThread "External Process Output Forwarder - C:\Users\sangeetha\.cache\selenium\chromedriver\win64\127.0.6533.119\chromedriver.exe" daemon [_thread_in_native, id=103352, stack(0x0000004263300000,0x0000004263400000) (1024K)]
  0x00000142eb560380 JavaThread "Driver Service Executor"    daemon [_thread_blocked, id=95916, stack(0x0000004263400000,0x0000004263500000) (1024K)]
  0x00000142eb55e940 JavaThread "Driver Service Executor"    daemon [_thread_blocked, id=98868, stack(0x0000004263500000,0x0000004263600000) (1024K)]
  0x00000142eb560a10 JavaThread "HttpClient-8-SelectorManager" daemon [_thread_in_native, id=98200, stack(0x0000004263a00000,0x0000004263b00000) (1024K)]
  0x00000142eb55cf00 JavaThread "External Process Output Forwarder - C:\Users\sangeetha\.cache\selenium\chromedriver\win64\127.0.6533.119\chromedriver.exe" daemon [_thread_in_native, id=105420, stack(0x0000004265000000,0x0000004265100000) (1024K)]
  0x00000142e93c7600 JavaThread "Driver Service Executor"    daemon [_thread_blocked, id=95552, stack(0x0000004265100000,0x0000004265200000) (1024K)]
  0x00000142e93c89b0 JavaThread "Driver Service Executor"    daemon [_thread_blocked, id=98908, stack(0x0000004265200000,0x0000004265300000) (1024K)]
  0x00000142e93cdf00 JavaThread "HttpClient-10-SelectorManager" daemon [_thread_in_native, id=108076, stack(0x0000004263b00000,0x0000004263c00000) (1024K)]
  0x00000142ec7e2610 JavaThread "External Process Output Forwarder - C:\Users\sangeetha\.cache\selenium\chromedriver\win64\127.0.6533.119\chromedriver.exe" daemon [_thread_in_native, id=77884, stack(0x0000004262200000,0x0000004262300000) (1024K)]
  0x00000142ec7e0540 JavaThread "Driver Service Executor"    daemon [_thread_blocked, id=75076, stack(0x0000004263100000,0x0000004263200000) (1024K)]
  0x00000142ec7deb00 JavaThread "Driver Service Executor"    daemon [_thread_blocked, id=88100, stack(0x0000004263200000,0x0000004263300000) (1024K)]
  0x00000142ec7e1260 JavaThread "HttpClient-12-SelectorManager" daemon [_thread_in_native, id=76248, stack(0x0000004264000000,0x0000004264100000) (1024K)]
  0x00000142ec7e39c0 JavaThread "External Process Output Forwarder - C:\Users\sangeetha\.cache\selenium\chromedriver\win64\127.0.6533.119\chromedriver.exe" daemon [_thread_in_native, id=70676, stack(0x0000004264800000,0x0000004264900000) (1024K)]
  0x00000142ec7e46e0 JavaThread "Driver Service Executor"    daemon [_thread_blocked, id=29692, stack(0x0000004264900000,0x0000004264a00000) (1024K)]
  0x00000142ec7e4d70 JavaThread "Driver Service Executor"    daemon [_thread_blocked, id=101164, stack(0x0000004264a00000,0x0000004264b00000) (1024K)]
  0x00000142eb55c1e0 JavaThread "HttpClient-14-SelectorManager" daemon [_thread_in_native, id=95920, stack(0x0000004263600000,0x0000004263700000) (1024K)]
  0x00000142eb561dc0 JavaThread "External Process Output Forwarder - C:\Users\sangeetha\.cache\selenium\chromedriver\win64\127.0.6533.119\chromedriver.exe" daemon [_thread_in_native, id=97516, stack(0x0000004262f00000,0x0000004263000000) (1024K)]
  0x00000142eb55c870 JavaThread "Driver Service Executor"    daemon [_thread_blocked, id=106668, stack(0x0000004263800000,0x0000004263900000) (1024K)]
  0x00000142eb562450 JavaThread "Driver Service Executor"    daemon [_thread_blocked, id=98008, stack(0x0000004263f00000,0x0000004264000000) (1024K)]
  0x00000142eb55e2b0 JavaThread "HttpClient-16-SelectorManager" daemon [_thread_in_native, id=93504, stack(0x0000004264600000,0x0000004264700000) (1024K)]
  0x00000142ec7e5400 JavaThread "External Process Output Forwarder - C:\Users\sangeetha\.cache\selenium\chromedriver\win64\127.0.6533.119\chromedriver.exe" daemon [_thread_in_native, id=81344, stack(0x0000004264200000,0x0000004264300000) (1024K)]
  0x00000142ec7e5a90 JavaThread "Driver Service Executor"    daemon [_thread_blocked, id=15184, stack(0x0000004264700000,0x0000004264800000) (1024K)]
  0x00000142ec7e6120 JavaThread "Driver Service Executor"    daemon [_thread_blocked, id=100508, stack(0x0000004264b00000,0x0000004264c00000) (1024K)]
  0x00000142ec7e4050 JavaThread "HttpClient-18-SelectorManager" daemon [_thread_in_native, id=108288, stack(0x0000004265500000,0x0000004265600000) (1024K)]
  0x00000142e93ccb50 JavaThread "External Process Output Forwarder - C:\Users\sangeetha\.cache\selenium\chromedriver\win64\127.0.6533.119\chromedriver.exe" daemon [_thread_in_native, id=73616, stack(0x0000004264300000,0x0000004264400000) (1024K)]
  0x00000142e93c9040 JavaThread "Driver Service Executor"    daemon [_thread_blocked, id=27616, stack(0x0000004264400000,0x0000004264500000) (1024K)]
  0x00000142e93cc4c0 JavaThread "Driver Service Executor"    daemon [_thread_blocked, id=101984, stack(0x0000004264c00000,0x0000004264d00000) (1024K)]
  0x00000142eb562ae0 JavaThread "HttpClient-20-SelectorManager" daemon [_thread_in_native, id=68760, stack(0x0000004265700000,0x0000004265800000) (1024K)]
  0x00000142ec7df820 JavaThread "External Process Output Forwarder - C:\Users\sangeetha\.cache\selenium\chromedriver\win64\127.0.6533.119\chromedriver.exe" daemon [_thread_in_native, id=101776, stack(0x0000004265300000,0x0000004265400000) (1024K)]
  0x00000142ec7e2ca0 JavaThread "Driver Service Executor"    daemon [_thread_blocked, id=76164, stack(0x0000004265d00000,0x0000004265e00000) (1024K)]
  0x00000142ec7e3330 JavaThread "Driver Service Executor"    daemon [_thread_blocked, id=102480, stack(0x0000004265e00000,0x0000004265f00000) (1024K)]
  0x00000142ec4fded0 JavaThread "HttpClient-22-SelectorManager" daemon [_thread_in_native, id=104972, stack(0x0000004266200000,0x0000004266300000) (1024K)]
  0x00000142e93cbe30 JavaThread "External Process Output Forwarder - C:\Users\sangeetha\.cache\selenium\chromedriver\win64\127.0.6533.119\chromedriver.exe" daemon [_thread_in_native, id=97264, stack(0x0000004264d00000,0x0000004264e00000) (1024K)]
  0x00000142e93cd1e0 JavaThread "Driver Service Executor"    daemon [_thread_blocked, id=91436, stack(0x0000004264e00000,0x0000004264f00000) (1024K)]
  0x00000142eb55d590 JavaThread "Driver Service Executor"    daemon [_thread_blocked, id=103028, stack(0x0000004264f00000,0x0000004265000000) (1024K)]
  0x00000142eb55efd0 JavaThread "HttpClient-24-SelectorManager" daemon [_thread_in_native, id=45412, stack(0x0000004265a00000,0x0000004265b00000) (1024K)]
  0x00000142ec7e18f0 JavaThread "External Process Output Forwarder - C:\Users\sangeetha\.cache\selenium\chromedriver\win64\127.0.6533.119\chromedriver.exe" daemon [_thread_in_native, id=78504, stack(0x0000004265400000,0x0000004265500000) (1024K)]
  0x00000142ec7e0bd0 JavaThread "Driver Service Executor"    daemon [_thread_blocked, id=104780, stack(0x0000004265600000,0x0000004265700000) (1024K)]
  0x00000142ec7e1f80 JavaThread "Driver Service Executor"    daemon [_thread_blocked, id=102032, stack(0x0000004265b00000,0x0000004265c00000) (1024K)]
  0x00000142eb55b4c0 JavaThread "HttpClient-26-SelectorManager" daemon [_thread_in_native, id=107212, stack(0x0000004266400000,0x0000004266500000) (1024K)]
  0x00000142eb8956e0 JavaThread "External Process Output Forwarder - C:\Users\sangeetha\.cache\selenium\chromedriver\win64\127.0.6533.119\chromedriver.exe" daemon [_thread_in_native, id=90408, stack(0x0000004265800000,0x0000004265900000) (1024K)]
  0x00000142eb893ca0 JavaThread "Driver Service Executor"    daemon [_thread_blocked, id=75196, stack(0x0000004265900000,0x0000004265a00000) (1024K)]
  0x00000142eb895d70 JavaThread "Driver Service Executor"    daemon [_thread_blocked, id=108652, stack(0x0000004265c00000,0x0000004265d00000) (1024K)]
  0x00000142eb8928f0 JavaThread "HttpClient-28-SelectorManager" daemon [_thread_in_native, id=90236, stack(0x0000004266700000,0x0000004266800000) (1024K)]
  0x00000142eb896a90 JavaThread "External Process Output Forwarder - C:\Users\sangeetha\.cache\selenium\chromedriver\win64\127.0.6533.119\chromedriver.exe" daemon [_thread_in_native, id=105992, stack(0x0000004265f00000,0x0000004266000000) (1024K)]
  0x00000142eb891bd0 JavaThread "Driver Service Executor"    daemon [_thread_blocked, id=88720, stack(0x0000004266000000,0x0000004266100000) (1024K)]
  0x00000142eb894330 JavaThread "Driver Service Executor"    daemon [_thread_blocked, id=88684, stack(0x0000004266100000,0x0000004266200000) (1024K)]
  0x00000142eb891540 JavaThread "HttpClient-30-SelectorManager" daemon [_thread_in_native, id=108136, stack(0x0000004266b00000,0x0000004266c00000) (1024K)]
  0x00000142ec4fe560 JavaThread "External Process Output Forwarder - C:\Users\sangeetha\.cache\selenium\chromedriver\win64\127.0.6533.119\chromedriver.exe" daemon [_thread_in_native, id=87592, stack(0x0000004266800000,0x0000004266900000) (1024K)]
  0x00000142ec4ff910 JavaThread "Driver Service Executor"    daemon [_thread_blocked, id=109312, stack(0x0000004267100000,0x0000004267200000) (1024K)]
  0x00000142eb892f80 JavaThread "Driver Service Executor"    daemon [_thread_blocked, id=85724, stack(0x0000004267200000,0x0000004267300000) (1024K)]
  0x00000142ec7df190 JavaThread "HttpClient-32-SelectorManager" daemon [_thread_in_native, id=95360, stack(0x0000004267600000,0x0000004267700000) (1024K)]
  0x00000142ec7ecc80 JavaThread "External Process Output Forwarder - C:\Users\sangeetha\.cache\selenium\chromedriver\win64\127.0.6533.119\chromedriver.exe" daemon [_thread_in_native, id=104832, stack(0x0000004266500000,0x0000004266600000) (1024K)]
  0x00000142ec7ebf60 JavaThread "Driver Service Executor"    daemon [_thread_blocked, id=92860, stack(0x0000004266600000,0x0000004266700000) (1024K)]
  0x00000142ec7ed310 JavaThread "Driver Service Executor"    daemon [_thread_blocked, id=102160, stack(0x0000004266c00000,0x0000004266d00000) (1024K)]
  0x00000142ec7e8450 JavaThread "HttpClient-34-SelectorManager" daemon [_thread_in_native, id=100308, stack(0x0000004267300000,0x0000004267400000) (1024K)]
  0x00000142ec7ea520 JavaThread "External Process Output Forwarder - C:\Users\sangeetha\.cache\selenium\chromedriver\win64\127.0.6533.119\chromedriver.exe" daemon [_thread_in_native, id=94948, stack(0x0000004266900000,0x0000004266a00000) (1024K)]
  0x00000142ec7e7dc0 JavaThread "Driver Service Executor"    daemon [_thread_blocked, id=83024, stack(0x0000004266a00000,0x0000004266b00000) (1024K)]
  0x00000142ec7eb8d0 JavaThread "Driver Service Executor"    daemon [_thread_blocked, id=95796, stack(0x0000004266d00000,0x0000004266e00000) (1024K)]
  0x00000142ec7e7730 JavaThread "HttpClient-36-SelectorManager" daemon [_thread_in_native, id=76344, stack(0x0000004267400000,0x0000004267500000) (1024K)]
  0x00000142eb896400 JavaThread "External Process Output Forwarder - C:\Users\sangeetha\.cache\selenium\chromedriver\win64\127.0.6533.119\chromedriver.exe" daemon [_thread_in_native, id=94656, stack(0x0000004267000000,0x0000004267100000) (1024K)]
  0x00000142eb8977b0 JavaThread "Driver Service Executor"    daemon [_thread_blocked, id=82236, stack(0x0000004267b00000,0x0000004267c00000) (1024K)]
  0x00000142eb893610 JavaThread "Driver Service Executor"    daemon [_thread_blocked, id=104852, stack(0x0000004267c00000,0x0000004267d00000) (1024K)]
  0x00000142ec7ed9a0 JavaThread "HttpClient-38-SelectorManager" daemon [_thread_in_native, id=78076, stack(0x0000004268200000,0x0000004268300000) (1024K)]
  0x00000142ec7eabb0 JavaThread "External Process Output Forwarder - C:\Users\sangeetha\.cache\selenium\chromedriver\win64\127.0.6533.119\chromedriver.exe" daemon [_thread_in_native, id=101432, stack(0x0000004266e00000,0x0000004266f00000) (1024K)]
  0x00000142ec7ee030 JavaThread "Driver Service Executor"    daemon [_thread_blocked, id=96740, stack(0x0000004266f00000,0x0000004267000000) (1024K)]
  0x00000142ec7eb240 JavaThread "Driver Service Executor"    daemon [_thread_blocked, id=98628, stack(0x0000004267500000,0x0000004267600000) (1024K)]
  0x00000142eb890820 JavaThread "HttpClient-40-SelectorManager" daemon [_thread_in_native, id=107608, stack(0x0000004267e00000,0x0000004267f00000) (1024K)]
  0x00000142ec7e9800 JavaThread "External Process Output Forwarder - C:\Users\sangeetha\.cache\selenium\chromedriver\win64\127.0.6533.119\chromedriver.exe" daemon [_thread_in_native, id=91772, stack(0x0000004267700000,0x0000004267800000) (1024K)]
  0x00000142ec7e8ae0 JavaThread "Driver Service Executor"    daemon [_thread_blocked, id=79652, stack(0x0000004267800000,0x0000004267900000) (1024K)]
  0x00000142ec7ee6c0 JavaThread "Driver Service Executor"    daemon [_thread_blocked, id=101812, stack(0x0000004267900000,0x0000004267a00000) (1024K)]
  0x00000142ec7dfeb0 JavaThread "HttpClient-42-SelectorManager" daemon [_thread_in_native, id=90104, stack(0x0000004268500000,0x0000004268600000) (1024K)]
  0x00000142e8b16420 JavaThread "External Process Output Forwarder - C:\Users\sangeetha\.cache\selenium\chromedriver\win64\127.0.6533.119\chromedriver.exe" daemon [_thread_in_native, id=80092, stack(0x0000004266300000,0x0000004266400000) (1024K)]
  0x00000142e8b184f0 JavaThread "Driver Service Executor"    daemon [_thread_blocked, id=90856, stack(0x0000004267a00000,0x0000004267b00000) (1024K)]
  0x00000142e8b15d90 JavaThread "Driver Service Executor"    daemon [_thread_blocked, id=71600, stack(0x0000004267d00000,0x0000004267e00000) (1024K)]
  0x00000142e8b17140 JavaThread "HttpClient-44-SelectorManager" daemon [_thread_in_native, id=106572, stack(0x0000004268700000,0x0000004268800000) (1024K)]
  0x00000142e8b11bf0 JavaThread "External Process Output Forwarder - C:\Users\sangeetha\.cache\selenium\chromedriver\win64\127.0.6533.119\chromedriver.exe" daemon [_thread_in_native, id=91652, stack(0x0000004267f00000,0x0000004268000000) (1024K)]
  0x00000142e8b12910 JavaThread "Driver Service Executor"    daemon [_thread_blocked, id=99864, stack(0x0000004268000000,0x0000004268100000) (1024K)]
  0x00000142e8b17e60 JavaThread "Driver Service Executor"    daemon [_thread_blocked, id=93872, stack(0x0000004268300000,0x0000004268400000) (1024K)]
  0x00000142e8b177d0 JavaThread "HttpClient-46-SelectorManager" daemon [_thread_in_native, id=104424, stack(0x0000004268c00000,0x0000004268d00000) (1024K)]
  0x00000142eb897120 JavaThread "External Process Output Forwarder - C:\Users\sangeetha\.cache\selenium\chromedriver\win64\127.0.6533.119\chromedriver.exe" daemon [_thread_in_native, id=91968, stack(0x0000004268800000,0x0000004268900000) (1024K)]
  0x00000142eb890eb0 JavaThread "Driver Service Executor"    daemon [_thread_blocked, id=107616, stack(0x0000004269100000,0x0000004269200000) (1024K)]
  0x00000142eb895050 JavaThread "Driver Service Executor"    daemon [_thread_blocked, id=104860, stack(0x0000004269200000,0x0000004269300000) (1024K)]
  0x00000142ec7e9e90 JavaThread "HttpClient-48-SelectorManager" daemon [_thread_in_native, id=72928, stack(0x0000004269600000,0x0000004269700000) (1024K)]
  0x00000142e8b15700 JavaThread "External Process Output Forwarder - C:\Users\sangeetha\.cache\selenium\chromedriver\win64\127.0.6533.119\chromedriver.exe" daemon [_thread_in_native, id=94280, stack(0x0000004268100000,0x0000004268200000) (1024K)]
  0x00000142e8b14350 JavaThread "Driver Service Executor"    daemon [_thread_blocked, id=108160, stack(0x0000004268400000,0x0000004268500000) (1024K)]
  0x00000142e8b12fa0 JavaThread "Driver Service Executor"    daemon [_thread_blocked, id=102176, stack(0x0000004268600000,0x0000004268700000) (1024K)]
  0x00000142e8b12280 JavaThread "HttpClient-50-SelectorManager" daemon [_thread_in_native, id=72872, stack(0x0000004268e00000,0x0000004268f00000) (1024K)]
  0x00000142eb55bb50 JavaThread "External Process Output Forwarder - C:\Users\sangeetha\.cache\selenium\chromedriver\win64\127.0.6533.119\chromedriver.exe" daemon [_thread_in_native, id=102844, stack(0x0000004268a00000,0x0000004268b00000) (1024K)]
  0x00000142eb8949c0 JavaThread "Driver Service Executor"    daemon [_thread_blocked, id=106428, stack(0x0000004269800000,0x0000004269900000) (1024K)]
  0x00000142eb890190 JavaThread "Driver Service Executor"    daemon [_thread_blocked, id=92272, stack(0x0000004269900000,0x0000004269a00000) (1024K)]
  0x00000142e8b149e0 JavaThread "HttpClient-52-SelectorManager" daemon [_thread_in_native, id=94936, stack(0x0000004269e00000,0x0000004269f00000) (1024K)]
  0x00000142eb501d20 JavaThread "External Process Output Forwarder - C:\Users\sangeetha\.cache\selenium\chromedriver\win64\127.0.6533.119\chromedriver.exe" daemon [_thread_in_native, id=90560, stack(0x0000004268f00000,0x0000004269000000) (1024K)]
  0x00000142eb503760 JavaThread "Driver Service Executor"    daemon [_thread_blocked, id=106616, stack(0x0000004269000000,0x0000004269100000) (1024K)]
  0x00000142eb502a40 JavaThread "Driver Service Executor"    daemon [_thread_blocked, id=106144, stack(0x0000004269300000,0x0000004269400000) (1024K)]
  0x00000142e8b16ab0 JavaThread "HttpClient-54-SelectorManager" daemon [_thread_in_native, id=106096, stack(0x0000004269b00000,0x0000004269c00000) (1024K)]
  0x00000142eb503df0 JavaThread "External Process Output Forwarder - C:\Users\sangeetha\.cache\selenium\chromedriver\win64\127.0.6533.119\chromedriver.exe" daemon [_thread_in_native, id=89676, stack(0x0000004268b00000,0x0000004268c00000) (1024K)]
  0x00000142eb500970 JavaThread "Driver Service Executor"    daemon [_thread_blocked, id=90968, stack(0x0000004268d00000,0x0000004268e00000) (1024K)]
  0x00000142eb501000 JavaThread "Driver Service Executor"    daemon [_thread_blocked, id=91976, stack(0x0000004269400000,0x0000004269500000) (1024K)]
  0x00000142e8b15070 JavaThread "HttpClient-56-SelectorManager" daemon [_thread_in_native, id=89916, stack(0x000000426a100000,0x000000426a200000) (1024K)]
  0x00000142ec56a6d0 JavaThread "External Process Output Forwarder - C:\Users\sangeetha\.cache\selenium\chromedriver\win64\127.0.6533.119\chromedriver.exe" daemon [_thread_in_native, id=72452, stack(0x0000004269700000,0x0000004269800000) (1024K)]
  0x00000142ec56a040 JavaThread "Driver Service Executor"    daemon [_thread_blocked, id=94024, stack(0x0000004269c00000,0x0000004269d00000) (1024K)]
  0x00000142ec56ba80 JavaThread "Driver Service Executor"    daemon [_thread_blocked, id=102864, stack(0x0000004269d00000,0x0000004269e00000) (1024K)]
  0x00000142ec7eed50 JavaThread "HttpClient-58-SelectorManager" daemon [_thread_in_native, id=92448, stack(0x000000426a500000,0x000000426a600000) (1024K)]
  0x00000142ec56ad60 JavaThread "External Process Output Forwarder - C:\Users\sangeetha\.cache\selenium\chromedriver\win64\127.0.6533.119\chromedriver.exe" daemon [_thread_in_native, id=102184, stack(0x0000004269500000,0x0000004269600000) (1024K)]
  0x00000142ec56b3f0 JavaThread "Driver Service Executor"    daemon [_thread_blocked, id=103856, stack(0x0000004269a00000,0x0000004269b00000) (1024K)]
  0x00000142e8b11560 JavaThread "Driver Service Executor"    daemon [_thread_blocked, id=90188, stack(0x000000426a200000,0x000000426a300000) (1024K)]
  0x00000142eb892260 JavaThread "HttpClient-60-SelectorManager" daemon [_thread_in_native, id=96548, stack(0x000000426a900000,0x000000426aa00000) (1024K)]
  0x00000142e87ef4d0 JavaThread "External Process Output Forwarder - C:\Users\sangeetha\.cache\selenium\chromedriver\win64\127.0.6533.119\chromedriver.exe" daemon [_thread_in_native, id=105848, stack(0x000000426b300000,0x000000426b400000) (1024K)]
  0x00000142e87ed400 JavaThread "Driver Service Executor"    daemon [_thread_blocked, id=84916, stack(0x000000426b400000,0x000000426b500000) (1024K)]
  0x00000142e87efb60 JavaThread "Driver Service Executor"    daemon [_thread_blocked, id=66856, stack(0x000000426b500000,0x000000426b600000) (1024K)]
  0x00000142e87f1c30 JavaThread "HttpClient-62-SelectorManager" daemon [_thread_in_native, id=91684, stack(0x000000426b900000,0x000000426ba00000) (1024K)]
  0x00000142e87ee7b0 JavaThread "External Process Output Forwarder - C:\Users\sangeetha\.cache\selenium\chromedriver\win64\127.0.6533.119\chromedriver.exe" daemon [_thread_in_native, id=100856, stack(0x0000004262b00000,0x0000004262c00000) (1024K)]
  0x00000142e87eee40 JavaThread "Driver Service Executor"    daemon [_thread_blocked, id=104684, stack(0x0000004264100000,0x0000004264200000) (1024K)]
  0x00000142e87f0f10 JavaThread "Driver Service Executor"    daemon [_thread_blocked, id=108792, stack(0x0000004269f00000,0x000000426a000000) (1024K)]
  0x00000142ec56c7a0 JavaThread "HttpClient-64-SelectorManager" daemon [_thread_in_native, id=97220, stack(0x000000426ac00000,0x000000426ad00000) (1024K)]
  0x00000142e87f01f0 JavaThread "External Process Output Forwarder - C:\Users\sangeetha\.cache\selenium\chromedriver\win64\127.0.6533.119\chromedriver.exe" daemon [_thread_in_native, id=3560, stack(0x000000426a300000,0x000000426a400000) (1024K)]
  0x00000142e87f15a0 JavaThread "Driver Service Executor"    daemon [_thread_blocked, id=95612, stack(0x000000426a400000,0x000000426a500000) (1024K)]
  0x00000142e87f22c0 JavaThread "Driver Service Executor"    daemon [_thread_blocked, id=107240, stack(0x000000426a600000,0x000000426a700000) (1024K)]
  0x00000142eb501690 JavaThread "HttpClient-66-SelectorManager" daemon [_thread_in_native, id=109472, stack(0x000000426af00000,0x000000426b000000) (1024K)]
  0x00000142e87f0880 JavaThread "External Process Output Forwarder - C:\Users\sangeetha\.cache\selenium\chromedriver\win64\127.0.6533.119\chromedriver.exe" daemon [_thread_in_native, id=99524, stack(0x000000426a700000,0x000000426a800000) (1024K)]
  0x00000142e87f2950 JavaThread "Driver Service Executor"    daemon [_thread_blocked, id=84564, stack(0x000000426ad00000,0x000000426ae00000) (1024K)]
  0x00000142e87ecd70 JavaThread "Driver Service Executor"    daemon [_thread_blocked, id=70704, stack(0x000000426b600000,0x000000426b700000) (1024K)]
  0x00000142ec4fffa0 JavaThread "HttpClient-68-SelectorManager" daemon [_thread_in_native, id=76264, stack(0x000000426bc00000,0x000000426bd00000) (1024K)]
  0x00000142e87eda90 JavaThread "External Process Output Forwarder - C:\Users\sangeetha\.cache\selenium\chromedriver\win64\127.0.6533.119\chromedriver.exe" daemon [_thread_in_native, id=99628, stack(0x000000426aa00000,0x000000426ab00000) (1024K)]
  0x00000142ec5699b0 JavaThread "Driver Service Executor"    daemon [_thread_blocked, id=99088, stack(0x000000426ab00000,0x000000426ac00000) (1024K)]
  0x00000142ec56c110 JavaThread "Driver Service Executor"    daemon [_thread_blocked, id=108032, stack(0x000000426b000000,0x000000426b100000) (1024K)]
  0x00000142ec7e9170 JavaThread "HttpClient-70-SelectorManager" daemon [_thread_in_native, id=96704, stack(0x000000426bf00000,0x000000426c000000) (1024K)]
  0x00000142ec03a0b0 JavaThread "External Process Output Forwarder - C:\Users\sangeetha\.cache\selenium\chromedriver\win64\127.0.6533.119\chromedriver.exe" daemon [_thread_in_native, id=99972, stack(0x000000426a800000,0x000000426a900000) (1024K)]
  0x00000142ec03add0 JavaThread "Driver Service Executor"    daemon [_thread_blocked, id=103832, stack(0x000000426ae00000,0x000000426af00000) (1024K)]
  0x00000142ec03cea0 JavaThread "Driver Service Executor"    daemon [_thread_blocked, id=98164, stack(0x000000426b100000,0x000000426b200000) (1024K)]
  0x00000142ec03c180 JavaThread "HttpClient-72-SelectorManager" daemon [_thread_in_native, id=90880, stack(0x000000426c000000,0x000000426c100000) (1024K)]
  0x00000142ec03f600 JavaThread "External Process Output Forwarder - C:\Users\sangeetha\.cache\selenium\chromedriver\win64\127.0.6533.119\chromedriver.exe" daemon [_thread_in_native, id=90668, stack(0x000000426b800000,0x000000426b900000) (1024K)]
  0x00000142ec03e8e0 JavaThread "Driver Service Executor"    daemon [_thread_blocked, id=97456, stack(0x000000426ba00000,0x000000426bb00000) (1024K)]
  0x00000142ec03fc90 JavaThread "Driver Service Executor"    daemon [_thread_blocked, id=97760, stack(0x000000426bb00000,0x000000426bc00000) (1024K)]
  0x00000142ec041040 JavaThread "HttpClient-74-SelectorManager" daemon [_thread_in_native, id=101624, stack(0x000000426c400000,0x000000426c500000) (1024K)]
  0x00000142ec039a20 JavaThread "External Process Output Forwarder - C:\Users\sangeetha\.cache\selenium\chromedriver\win64\127.0.6533.119\chromedriver.exe" daemon [_thread_in_native, id=85652, stack(0x000000426b700000,0x000000426b800000) (1024K)]
  0x00000142ec044b50 JavaThread "Driver Service Executor"    daemon [_thread_blocked, id=108692, stack(0x000000426c100000,0x000000426c200000) (1024K)]
  0x00000142ec042a80 JavaThread "Driver Service Executor"    daemon [_thread_blocked, id=97780, stack(0x000000426ce00000,0x000000426cf00000) (1024K)]
  0x00000142ec043e30 JavaThread "HttpClient-76-SelectorManager" daemon [_thread_in_native, id=96252, stack(0x000000426d200000,0x000000426d300000) (1024K)]
  0x00000142ec03c810 JavaThread "External Process Output Forwarder - C:\Users\sangeetha\.cache\selenium\chromedriver\win64\127.0.6533.119\chromedriver.exe" daemon [_thread_in_native, id=95988, stack(0x000000426b200000,0x000000426b300000) (1024K)]
  0x00000142ec037fe0 JavaThread "Driver Service Executor"    daemon [_thread_blocked, id=86620, stack(0x000000426c500000,0x000000426c600000) (1024K)]
  0x00000142ec043110 JavaThread "Driver Service Executor"    daemon [_thread_blocked, id=106984, stack(0x000000426c600000,0x000000426c700000) (1024K)]
  0x00000142e87ee120 JavaThread "HttpClient-78-SelectorManager" daemon [_thread_in_native, id=95380, stack(0x000000426d700000,0x000000426d800000) (1024K)]
  0x00000142ec038670 JavaThread "External Process Output Forwarder - C:\Users\sangeetha\.cache\selenium\chromedriver\win64\127.0.6533.119\chromedriver.exe" daemon [_thread_in_native, id=103148, stack(0x000000426bd00000,0x000000426be00000) (1024K)]
  0x00000142ec03dbc0 JavaThread "Driver Service Executor"    daemon [_thread_blocked, id=87180, stack(0x000000426be00000,0x000000426bf00000) (1024K)]
  0x00000142ec037950 JavaThread "Driver Service Executor"    daemon [_thread_blocked, id=89824, stack(0x000000426c700000,0x000000426c800000) (1024K)]
  0x00000142eb5030d0 JavaThread "HttpClient-80-SelectorManager" daemon [_thread_in_native, id=91576, stack(0x000000426cc00000,0x000000426cd00000) (1024K)]
  0x00000142ec040320 JavaThread "External Process Output Forwarder - C:\Users\sangeetha\.cache\selenium\chromedriver\win64\127.0.6533.119\chromedriver.exe" daemon [_thread_in_native, id=96868, stack(0x000000426c200000,0x000000426c300000) (1024K)]
  0x00000142ec039390 JavaThread "Driver Service Executor"    daemon [_thread_blocked, id=93260, stack(0x000000426c300000,0x000000426c400000) (1024K)]
  0x00000142ec0409b0 JavaThread "Driver Service Executor"    daemon [_thread_blocked, id=105068, stack(0x000000426c900000,0x000000426ca00000) (1024K)]
  0x00000142ec0451e0 JavaThread "HttpClient-82-SelectorManager" daemon [_thread_in_native, id=98156, stack(0x000000426d500000,0x000000426d600000) (1024K)]
  0x00000142ec046590 JavaThread "External Process Output Forwarder - C:\Users\sangeetha\.cache\selenium\chromedriver\win64\127.0.6533.119\chromedriver.exe" daemon [_thread_in_native, id=90396, stack(0x000000426d000000,0x000000426d100000) (1024K)]
  0x00000142ec046c20 JavaThread "Driver Service Executor"    daemon [_thread_blocked, id=90748, stack(0x000000426d100000,0x000000426d200000) (1024K)]
  0x00000142ec0423f0 JavaThread "Driver Service Executor"    daemon [_thread_blocked, id=95260, stack(0x000000426d600000,0x000000426d700000) (1024K)]
  0x00000142e8768060 JavaThread "HttpClient-84-SelectorManager" daemon [_thread_in_native, id=81692, stack(0x000000426e400000,0x000000426e500000) (1024K)]
  0x00000142e8761760 JavaThread "External Process Output Forwarder - C:\Users\sangeetha\.cache\selenium\chromedriver\win64\127.0.6533.119\chromedriver.exe" daemon [_thread_in_native, id=103924, stack(0x000000426a000000,0x000000426a100000) (1024K)]
  0x00000142e8765270 JavaThread "Driver Service Executor"    daemon [_thread_blocked, id=93520, stack(0x000000426c800000,0x000000426c900000) (1024K)]
  0x00000142e8761df0 JavaThread "Driver Service Executor"    daemon [_thread_blocked, id=99096, stack(0x000000426cf00000,0x000000426d000000) (1024K)]
  0x00000142e8763ec0 JavaThread "HttpClient-86-SelectorManager" daemon [_thread_in_native, id=103508, stack(0x000000426dd00000,0x000000426de00000) (1024K)]
  0x00000142e8763830 JavaThread "External Process Output Forwarder - C:\Users\sangeetha\.cache\selenium\chromedriver\win64\127.0.6533.119\chromedriver.exe" daemon [_thread_in_native, id=92872, stack(0x000000426cb00000,0x000000426cc00000) (1024K)]
  0x00000142e8764be0 JavaThread "Driver Service Executor"    daemon [_thread_blocked, id=105328, stack(0x000000426cd00000,0x000000426ce00000) (1024K)]
  0x00000142e8762480 JavaThread "Driver Service Executor"    daemon [_thread_blocked, id=103052, stack(0x000000426d800000,0x000000426d900000) (1024K)]
  0x00000142e876c890 JavaThread "HttpClient-88-SelectorManager" daemon [_thread_in_native, id=102192, stack(0x000000426e200000,0x000000426e300000) (1024K)]
  0x00000142e8762b10 JavaThread "External Process Output Forwarder - C:\Users\sangeetha\.cache\selenium\chromedriver\win64\127.0.6533.119\chromedriver.exe" daemon [_thread_in_native, id=88260, stack(0x000000426d300000,0x000000426d400000) (1024K)]
  0x00000142e876ae50 JavaThread "Driver Service Executor"    daemon [_thread_blocked, id=95744, stack(0x000000426d400000,0x000000426d500000) (1024K)]
  0x00000142e876bb70 JavaThread "Driver Service Executor"    daemon [_thread_blocked, id=108388, stack(0x000000426df00000,0x000000426e000000) (1024K)]
  0x00000142e876cf20 JavaThread "HttpClient-90-SelectorManager" daemon [_thread_in_native, id=91596, stack(0x000000426e700000,0x000000426e800000) (1024K)]
  0x00000142e87686f0 JavaThread "External Process Output Forwarder - C:\Users\sangeetha\.cache\selenium\chromedriver\win64\127.0.6533.119\chromedriver.exe" daemon [_thread_in_native, id=109896, stack(0x000000426e300000,0x000000426e400000) (1024K)]
  0x00000142e876fd10 JavaThread "Driver Service Executor"    daemon [_thread_blocked, id=109900, stack(0x000000426f300000,0x000000426f400000) (1024K)]
  0x00000142e87703a0 JavaThread "Driver Service Executor"    daemon [_thread_blocked, id=109904, stack(0x000000426f400000,0x000000426f500000) (1024K)]
  0x00000142ec0416d0 JavaThread "HttpClient-92-SelectorManager" daemon [_thread_in_native, id=110368, stack(0x000000426f800000,0x000000426f900000) (1024K)]
  0x00000142ec03e250 JavaThread "External Process Output Forwarder - C:\Users\sangeetha\.cache\selenium\chromedriver\win64\127.0.6533.119\chromedriver.exe" daemon [_thread_in_native, id=95852, stack(0x000000426da00000,0x000000426db00000) (1024K)]
  0x00000142ec045f00 JavaThread "Driver Service Executor"    daemon [_thread_blocked, id=107928, stack(0x000000426de00000,0x000000426df00000) (1024K)]
  0x00000142ec045870 JavaThread "Driver Service Executor"    daemon [_thread_blocked, id=70040, stack(0x000000426e800000,0x000000426e900000) (1024K)]
  0x00000142e8769410 JavaThread "HttpClient-94-SelectorManager" daemon [_thread_in_native, id=104052, stack(0x000000426fd00000,0x000000426fe00000) (1024K)]
  0x00000142e8765900 JavaThread "External Process Output Forwarder - C:\Users\sangeetha\.cache\selenium\chromedriver\win64\127.0.6533.119\chromedriver.exe" daemon [_thread_in_native, id=109676, stack(0x0000004268900000,0x0000004268a00000) (1024K)]
  0x00000142e8768d80 JavaThread "Driver Service Executor"    daemon [_thread_blocked, id=102940, stack(0x000000426ca00000,0x000000426cb00000) (1024K)]
  0x00000142e8766cb0 JavaThread "Driver Service Executor"    daemon [_thread_blocked, id=93148, stack(0x000000426db00000,0x000000426dc00000) (1024K)]
  0x00000142e876b4e0 JavaThread "HttpClient-96-SelectorManager" daemon [_thread_in_native, id=90572, stack(0x000000426e600000,0x000000426e700000) (1024K)]
  0x00000142e876e960 JavaThread "External Process Output Forwarder - C:\Users\sangeetha\.cache\selenium\chromedriver\win64\127.0.6533.119\chromedriver.exe" daemon [_thread_in_native, id=94768, stack(0x000000426ee00000,0x000000426ef00000) (1024K)]
  0x00000142e87679d0 JavaThread "Driver Service Executor"    daemon [_thread_blocked, id=104616, stack(0x000000426ef00000,0x000000426f000000) (1024K)]
  0x00000142e8770a30 JavaThread "Driver Service Executor"    daemon [_thread_blocked, id=75044, stack(0x000000426f000000,0x000000426f100000) (1024K)]
  0x00000142ec03baf0 JavaThread "HttpClient-98-SelectorManager" daemon [_thread_in_native, id=110912, stack(0x000000426f700000,0x000000426f800000) (1024K)]
  0x00000142e8b13630 JavaThread "External Process Output Forwarder - C:\Users\sangeetha\.cache\selenium\chromedriver\win64\127.0.6533.119\chromedriver.exe" daemon [_thread_in_native, id=111188, stack(0x000000426d900000,0x000000426da00000) (1024K)]
  0x00000142e8b10ed0 JavaThread "Driver Service Executor"    daemon [_thread_blocked, id=111192, stack(0x000000426fe00000,0x000000426ff00000) (1024K)]
  0x00000142e8b13cc0 JavaThread "Driver Service Executor"    daemon [_thread_blocked, id=111196, stack(0x000000426ff00000,0x0000004270000000) (1024K)]
  0x00000142e93ca3f0 JavaThread "HttpClient-100-SelectorManager" daemon [_thread_in_native, id=109792, stack(0x0000004270300000,0x0000004270400000) (1024K)]
  0x00000142ec500cc0 JavaThread "External Process Output Forwarder - C:\Users\sangeetha\.cache\selenium\chromedriver\win64\127.0.6533.119\chromedriver.exe" daemon [_thread_in_native, id=108928, stack(0x0000004270b00000,0x0000004270c00000) (1024K)]
  0x00000142ec7ec5f0 JavaThread "Driver Service Executor"    daemon [_thread_blocked, id=109752, stack(0x0000004270c00000,0x0000004270d00000) (1024K)]
  0x00000142ec8bc1e0 JavaThread "Driver Service Executor"    daemon [_thread_blocked, id=104592, stack(0x0000004270d00000,0x0000004270e00000) (1024K)]
  0x00000142ec8c2450 JavaThread "HttpClient-102-SelectorManager" daemon [_thread_in_native, id=112032, stack(0x0000004271000000,0x0000004271100000) (1024K)]
  0x00000142ec8c1730 JavaThread "External Process Output Forwarder - C:\Users\sangeetha\.cache\selenium\chromedriver\win64\127.0.6533.119\chromedriver.exe" daemon [_thread_in_native, id=112208, stack(0x000000426e000000,0x000000426e100000) (1024K)]
  0x00000142ec8c1dc0 JavaThread "Driver Service Executor"    daemon [_thread_blocked, id=112212, stack(0x000000426f100000,0x000000426f200000) (1024K)]
  0x00000142ec8c0a10 JavaThread "Driver Service Executor"    daemon [_thread_blocked, id=112216, stack(0x0000004271500000,0x0000004271600000) (1024K)]
  0x00000142ec8c4520 JavaThread "HttpClient-104-SelectorManager" daemon [_thread_in_native, id=111848, stack(0x0000004271900000,0x0000004271a00000) (1024K)]
  0x00000142ec8be2b0 JavaThread "External Process Output Forwarder - C:\Users\sangeetha\.cache\selenium\chromedriver\win64\127.0.6533.119\chromedriver.exe" daemon [_thread_in_native, id=112872, stack(0x0000004271e00000,0x0000004271f00000) (1024K)]
  0x00000142ec8c58d0 JavaThread "Driver Service Executor"    daemon [_thread_blocked, id=112876, stack(0x0000004271f00000,0x0000004272000000) (1024K)]
  0x00000142ec8c5f60 JavaThread "Driver Service Executor"    daemon [_thread_blocked, id=112880, stack(0x0000004272000000,0x0000004272100000) (1024K)]
  0x00000142ec8c6c80 JavaThread "HttpClient-106-SelectorManager" daemon [_thread_in_native, id=113344, stack(0x0000004272400000,0x0000004272500000) (1024K)]
  0x00000142ec8c79a0 JavaThread "External Process Output Forwarder - C:\Users\sangeetha\.cache\selenium\chromedriver\win64\127.0.6533.119\chromedriver.exe" daemon [_thread_in_native, id=113536, stack(0x0000004270a00000,0x0000004270b00000) (1024K)]
  0x00000142ec8c86c0 JavaThread "Driver Service Executor"    daemon [_thread_blocked, id=113540, stack(0x0000004272800000,0x0000004272900000) (1024K)]
  0x00000142ec8c8d50 JavaThread "Driver Service Executor"    daemon [_thread_blocked, id=113544, stack(0x0000004272900000,0x0000004272a00000) (1024K)]
  0x00000142ec8ca790 JavaThread "HttpClient-108-SelectorManager" daemon [_thread_in_native, id=95888, stack(0x0000004272c00000,0x0000004272d00000) (1024K)]
  0x00000142e876a7c0 JavaThread "External Process Output Forwarder - C:\Users\sangeetha\.cache\selenium\chromedriver\win64\127.0.6533.119\chromedriver.exe" daemon [_thread_in_native, id=111680, stack(0x000000426e500000,0x000000426e600000) (1024K)]
  0x00000142e8764550 JavaThread "Driver Service Executor"    daemon [_thread_blocked, id=111684, stack(0x000000426e900000,0x000000426ea00000) (1024K)]
  0x00000142e8765f90 JavaThread "Driver Service Executor"    daemon [_thread_blocked, id=111676, stack(0x000000426ea00000,0x000000426eb00000) (1024K)]
  0x00000142e876e2d0 JavaThread "HttpClient-110-SelectorManager" daemon [_thread_in_native, id=113716, stack(0x000000426f500000,0x000000426f600000) (1024K)]
  0x00000142ec03d530 JavaThread "External Process Output Forwarder - C:\Users\sangeetha\.cache\selenium\chromedriver\win64\127.0.6533.119\chromedriver.exe" daemon [_thread_in_native, id=114168, stack(0x000000426f200000,0x000000426f300000) (1024K)]
  0x00000142ec8c10a0 JavaThread "Driver Service Executor"    daemon [_thread_blocked, id=114172, stack(0x000000426f600000,0x000000426f700000) (1024K)]
  0x00000142ec8be940 JavaThread "Driver Service Executor"    daemon [_thread_blocked, id=114176, stack(0x000000426fc00000,0x000000426fd00000) (1024K)]
  0x00000142ec8c3800 JavaThread "HttpClient-112-SelectorManager" daemon [_thread_in_native, id=114632, stack(0x0000004270400000,0x0000004270500000) (1024K)]
  0x00000142ec8c3e90 JavaThread "External Process Output Forwarder - C:\Users\sangeetha\.cache\selenium\chromedriver\win64\127.0.6533.119\chromedriver.exe" daemon [_thread_in_native, id=90764, stack(0x000000426e100000,0x000000426e200000) (1024K)]
  0x00000142ec8bf660 JavaThread "Driver Service Executor"    daemon [_thread_blocked, id=100148, stack(0x0000004270000000,0x0000004270100000) (1024K)]
  0x00000142ec8bfcf0 JavaThread "Driver Service Executor"    daemon [_thread_blocked, id=95464, stack(0x0000004270f00000,0x0000004271000000) (1024K)]
  0x00000142ec8c7310 JavaThread "HttpClient-114-SelectorManager" daemon [_thread_in_native, id=114876, stack(0x0000004271400000,0x0000004271500000) (1024K)]
  0x00000142ec8c9a70 JavaThread "External Process Output Forwarder - C:\Users\sangeetha\.cache\selenium\chromedriver\win64\127.0.6533.119\chromedriver.exe" daemon [_thread_in_native, id=115216, stack(0x0000004271100000,0x0000004271200000) (1024K)]
  0x00000142e8767340 JavaThread "Driver Service Executor"    daemon [_thread_blocked, id=115220, stack(0x0000004271b00000,0x0000004271c00000) (1024K)]
  0x00000142e8769aa0 JavaThread "Driver Service Executor"    daemon [_thread_blocked, id=115224, stack(0x0000004271c00000,0x0000004271d00000) (1024K)]
  0x00000142e876d5b0 JavaThread "HttpClient-116-SelectorManager" daemon [_thread_in_native, id=115668, stack(0x0000004272300000,0x0000004272400000) (1024K)]
  0x00000142ec038d00 JavaThread "External Process Output Forwarder - C:\Users\sangeetha\.cache\selenium\chromedriver\win64\127.0.6533.119\chromedriver.exe" daemon [_thread_in_native, id=112976, stack(0x000000426f900000,0x000000426fa00000) (1024K)]
  0x00000142ec041d60 JavaThread "Driver Service Executor"    daemon [_thread_blocked, id=92368, stack(0x000000426fa00000,0x000000426fb00000) (1024K)]
  0x00000142ec8c3170 JavaThread "Driver Service Executor"    daemon [_thread_blocked, id=115192, stack(0x0000004272a00000,0x0000004272b00000) (1024K)]
  0x00000142eb55dc20 JavaThread "HttpClient-118-SelectorManager" daemon [_thread_in_native, id=115908, stack(0x0000004272f00000,0x0000004273000000) (1024K)]
  0x00000142eb2c4d70 JavaThread "External Process Output Forwarder - C:\Users\sangeetha\.cache\selenium\chromedriver\win64\127.0.6533.119\chromedriver.exe" daemon [_thread_in_native, id=116124, stack(0x0000004273400000,0x0000004273500000) (1024K)]
  0x00000142eb2c95a0 JavaThread "Driver Service Executor"    daemon [_thread_blocked, id=116128, stack(0x0000004273500000,0x0000004273600000) (1024K)]
  0x00000142eb2c81f0 JavaThread "Driver Service Executor"    daemon [_thread_blocked, id=116132, stack(0x0000004273600000,0x0000004273700000) (1024K)]
  0x00000142eb2c8880 JavaThread "HttpClient-120-SelectorManager" daemon [_thread_in_native, id=116580, stack(0x0000004273a00000,0x0000004273b00000) (1024K)]
  0x00000142eb2c5a90 JavaThread "External Process Output Forwarder - C:\Users\sangeetha\.cache\selenium\chromedriver\win64\127.0.6533.119\chromedriver.exe" daemon [_thread_in_native, id=114692, stack(0x000000426eb00000,0x000000426ec00000) (1024K)]
  0x00000142eb2c2610 JavaThread "Driver Service Executor"    daemon [_thread_blocked, id=114860, stack(0x000000426ec00000,0x000000426ed00000) (1024K)]
  0x00000142eb2ca950 JavaThread "Driver Service Executor"    daemon [_thread_blocked, id=114136, stack(0x000000426ed00000,0x000000426ee00000) (1024K)]
  0x00000142eb2c39c0 JavaThread "HttpClient-122-SelectorManager" daemon [_thread_in_native, id=115320, stack(0x0000004270700000,0x0000004270800000) (1024K)]
  0x00000142eb2cbd00 JavaThread "External Process Output Forwarder - C:\Users\sangeetha\.cache\selenium\chromedriver\win64\127.0.6533.119\chromedriver.exe" daemon [_thread_in_native, id=113652, stack(0x0000004274200000,0x0000004274300000) (1024K)]
  0x00000142eb2cc390 JavaThread "Driver Service Executor"    daemon [_thread_blocked, id=113976, stack(0x0000004274300000,0x0000004274400000) (1024K)]
  0x00000142eb2cca20 JavaThread "Driver Service Executor"    daemon [_thread_blocked, id=113660, stack(0x0000004274400000,0x0000004274500000) (1024K)]
  0x00000142eb2cd0b0 JavaThread "HttpClient-124-SelectorManager" daemon [_thread_in_native, id=118172, stack(0x0000004274700000,0x0000004274800000) (1024K)]
  0x00000142eb2c5400 JavaThread "External Process Output Forwarder - C:\Users\sangeetha\.cache\selenium\chromedriver\win64\127.0.6533.119\chromedriver.exe" daemon [_thread_in_native, id=118772, stack(0x000000426fb00000,0x000000426fc00000) (1024K)]
  0x00000142eb2cf180 JavaThread "Driver Service Executor"    daemon [_thread_blocked, id=118776, stack(0x0000004270100000,0x0000004270200000) (1024K)]
  0x00000142eb2cfea0 JavaThread "Driver Service Executor"    daemon [_thread_blocked, id=118780, stack(0x0000004270200000,0x0000004270300000) (1024K)]
  0x00000142ec8c2ae0 JavaThread "HttpClient-126-SelectorManager" daemon [_thread_in_native, id=118900, stack(0x0000004271800000,0x0000004271900000) (1024K)]
  0x00000142ec8bcf00 JavaThread "External Process Output Forwarder - C:\Users\sangeetha\.cache\selenium\chromedriver\win64\127.0.6533.119\chromedriver.exe" daemon [_thread_in_native, id=119136, stack(0x0000004271200000,0x0000004271300000) (1024K)]
  0x00000142ec8c5240 JavaThread "Driver Service Executor"    daemon [_thread_blocked, id=119140, stack(0x0000004271300000,0x0000004271400000) (1024K)]
  0x00000142ec8c93e0 JavaThread "Driver Service Executor"    daemon [_thread_blocked, id=119144, stack(0x0000004271a00000,0x0000004271b00000) (1024K)]
  0x00000142ec8c8030 JavaThread "HttpClient-128-SelectorManager" daemon [_thread_in_native, id=119584, stack(0x0000004275000000,0x0000004275100000) (1024K)]
  0x00000142ec0437a0 JavaThread "External Process Output Forwarder - C:\Users\sangeetha\.cache\selenium\chromedriver\win64\127.0.6533.119\chromedriver.exe" daemon [_thread_in_native, id=118820, stack(0x0000004271d00000,0x0000004271e00000) (1024K)]
  0x00000142ec0444c0 JavaThread "Driver Service Executor"    daemon [_thread_blocked, id=118796, stack(0x0000004272100000,0x0000004272200000) (1024K)]
  0x00000142e876eff0 JavaThread "Driver Service Executor"    daemon [_thread_blocked, id=118788, stack(0x0000004272200000,0x0000004272300000) (1024K)]
  0x00000142e87eb9c0 JavaThread "HttpClient-130-SelectorManager" daemon [_thread_in_native, id=57420, stack(0x0000004273100000,0x0000004273200000) (1024K)]
  0x00000142eb2cb670 JavaThread "External Process Output Forwarder - C:\Users\sangeetha\.cache\selenium\chromedriver\win64\127.0.6533.119\chromedriver.exe" daemon [_thread_in_native, id=7608, stack(0x0000004272500000,0x0000004272600000) (1024K)]
  0x00000142eb2c46e0 JavaThread "Driver Service Executor"    daemon [_thread_blocked, id=93240, stack(0x0000004272b00000,0x0000004272c00000) (1024K)]
  0x00000142eb2c74d0 JavaThread "Driver Service Executor"    daemon [_thread_blocked, id=94396, stack(0x0000004272e00000,0x0000004272f00000) (1024K)]
  0x00000142ec8cae20 JavaThread "HttpClient-132-SelectorManager" daemon [_thread_in_native, id=119908, stack(0x0000004273d00000,0x0000004273e00000) (1024K)]
  0x00000142eb2c67b0 JavaThread "External Process Output Forwarder - C:\Users\sangeetha\.cache\selenium\chromedriver\win64\127.0.6533.119\chromedriver.exe" daemon [_thread_in_native, id=120124, stack(0x0000004273300000,0x0000004273400000) (1024K)]
  0x00000142eb2c3330 JavaThread "Driver Service Executor"    daemon [_thread_blocked, id=120128, stack(0x0000004273700000,0x0000004273800000) (1024K)]
  0x00000142eb2cafe0 JavaThread "Driver Service Executor"    daemon [_thread_blocked, id=120132, stack(0x0000004273800000,0x0000004273900000) (1024K)]
  0x00000142ec8befd0 JavaThread "HttpClient-134-SelectorManager" daemon [_thread_in_native, id=120576, stack(0x0000004274000000,0x0000004274100000) (1024K)]
  0x00000142eae29130 JavaThread "External Process Output Forwarder - C:\Users\sangeetha\.cache\selenium\chromedriver\win64\127.0.6533.119\chromedriver.exe" daemon [_thread_in_native, id=110412, stack(0x0000004270600000,0x0000004270700000) (1024K)]
  0x00000142eae2d2d0 JavaThread "Driver Service Executor"    daemon [_thread_blocked, id=104076, stack(0x0000004273900000,0x0000004273a00000) (1024K)]
  0x00000142eae2cc40 JavaThread "Driver Service Executor"    daemon [_thread_blocked, id=99028, stack(0x0000004274100000,0x0000004274200000) (1024K)]
  0x00000142eae2b200 JavaThread "HttpClient-136-SelectorManager" daemon [_thread_in_native, id=78084, stack(0x0000004275e00000,0x0000004275f00000) (1024K)]
  0x00000142eae2ab70 JavaThread "External Process Output Forwarder - C:\Users\sangeetha\.cache\selenium\chromedriver\win64\127.0.6533.119\chromedriver.exe" daemon [_thread_in_native, id=115808, stack(0x0000004270e00000,0x0000004270f00000) (1024K)]
  0x00000142eae28410 JavaThread "Driver Service Executor"    daemon [_thread_blocked, id=117988, stack(0x0000004274500000,0x0000004274600000) (1024K)]
  0x00000142eae2e680 JavaThread "Driver Service Executor"    daemon [_thread_blocked, id=120144, stack(0x0000004274600000,0x0000004274700000) (1024K)]
  0x00000142eae2f3a0 JavaThread "HttpClient-138-SelectorManager" daemon [_thread_in_native, id=120856, stack(0x0000004274d00000,0x0000004274e00000) (1024K)]
  0x00000142eae2a4e0 JavaThread "External Process Output Forwarder - C:\Users\sangeetha\.cache\selenium\chromedriver\win64\127.0.6533.119\chromedriver.exe" daemon [_thread_in_native, id=121140, stack(0x0000004274800000,0x0000004274900000) (1024K)]
  0x00000142eae276f0 JavaThread "Driver Service Executor"    daemon [_thread_blocked, id=121144, stack(0x0000004274f00000,0x0000004275000000) (1024K)]
  0x00000142eae32820 JavaThread "Driver Service Executor"    daemon [_thread_blocked, id=121148, stack(0x0000004275100000,0x0000004275200000) (1024K)]
  0x00000142eae34260 JavaThread "HttpClient-140-SelectorManager" daemon [_thread_in_native, id=121596, stack(0x0000004276700000,0x0000004276800000) (1024K)]
  0x00000142eae297c0 JavaThread "External Process Output Forwarder - C:\Users\sangeetha\.cache\selenium\chromedriver\win64\127.0.6533.119\chromedriver.exe" daemon [_thread_in_native, id=121816, stack(0x0000004270500000,0x0000004270600000) (1024K)]
  0x00000142eae37050 JavaThread "Driver Service Executor"    daemon [_thread_blocked, id=121820, stack(0x0000004271600000,0x0000004271700000) (1024K)]
  0x00000142eae376e0 JavaThread "Driver Service Executor"    daemon [_thread_blocked, id=121824, stack(0x0000004272600000,0x0000004272700000) (1024K)]
  0x00000142eae37d70 JavaThread "HttpClient-142-SelectorManager" daemon [_thread_in_native, id=121488, stack(0x0000004275400000,0x0000004275500000) (1024K)]
  0x00000142eae32eb0 JavaThread "External Process Output Forwarder - C:\Users\sangeetha\.cache\selenium\chromedriver\win64\127.0.6533.119\chromedriver.exe" daemon [_thread_in_native, id=121784, stack(0x0000004273000000,0x0000004273100000) (1024K)]
  0x00000142eae3a4d0 JavaThread "Driver Service Executor"    daemon [_thread_blocked, id=121800, stack(0x0000004275200000,0x0000004275300000) (1024K)]
  0x00000142eae33540 JavaThread "Driver Service Executor"    daemon [_thread_blocked, id=116076, stack(0x0000004275600000,0x0000004275700000) (1024K)]
  0x00000142eae348f0 JavaThread "HttpClient-144-SelectorManager" daemon [_thread_in_native, id=115080, stack(0x0000004275900000,0x0000004275a00000) (1024K)]
  0x00000142eae3f390 JavaThread "External Process Output Forwarder - C:\Users\sangeetha\.cache\selenium\chromedriver\win64\127.0.6533.119\chromedriver.exe" daemon [_thread_in_native, id=121840, stack(0x0000004273c00000,0x0000004273d00000) (1024K)]
  0x00000142eae400b0 JavaThread "Driver Service Executor"    daemon [_thread_blocked, id=121848, stack(0x0000004275a00000,0x0000004275b00000) (1024K)]
  0x00000142eae3c5a0 JavaThread "Driver Service Executor"    daemon [_thread_blocked, id=110516, stack(0x0000004275b00000,0x0000004275c00000) (1024K)]
  0x00000142eae3e670 JavaThread "HttpClient-146-SelectorManager" daemon [_thread_in_native, id=121956, stack(0x0000004277400000,0x0000004277500000) (1024K)]
  0x00000142eae2dff0 JavaThread "External Process Output Forwarder - C:\Users\sangeetha\.cache\selenium\chromedriver\win64\127.0.6533.119\chromedriver.exe" daemon [_thread_in_native, id=122152, stack(0x0000004271700000,0x0000004271800000) (1024K)]
  0x00000142eae28aa0 JavaThread "Driver Service Executor"    daemon [_thread_blocked, id=122156, stack(0x0000004272d00000,0x0000004272e00000) (1024K)]
  0x00000142eae2bf20 JavaThread "Driver Service Executor"    daemon [_thread_blocked, id=122160, stack(0x0000004273e00000,0x0000004273f00000) (1024K)]
  0x00000142eae44f70 JavaThread "HttpClient-148-SelectorManager" daemon [_thread_in_native, id=122644, stack(0x0000004276000000,0x0000004276100000) (1024K)]
  0x00000142eae2fa30 JavaThread "External Process Output Forwarder - C:\Users\sangeetha\.cache\selenium\chromedriver\win64\127.0.6533.119\chromedriver.exe" daemon [_thread_in_native, id=122552, stack(0x0000004273f00000,0x0000004274000000) (1024K)]
  0x00000142eae29e50 JavaThread "Driver Service Executor"    daemon [_thread_blocked, id=122556, stack(0x0000004274900000,0x0000004274a00000) (1024K)]
  0x00000142eae30750 JavaThread "Driver Service Executor"    daemon [_thread_blocked, id=122528, stack(0x0000004274a00000,0x0000004274b00000) (1024K)]
  0x00000142eae41af0 JavaThread "HttpClient-150-SelectorManager" daemon [_thread_in_native, id=116100, stack(0x0000004277c00000,0x0000004277d00000) (1024K)]
  0x00000142eae27060 JavaThread "External Process Output Forwarder - C:\Users\sangeetha\.cache\selenium\chromedriver\win64\127.0.6533.119\chromedriver.exe" daemon [_thread_in_native, id=120972, stack(0x0000004274b00000,0x0000004274c00000) (1024K)]
  0x00000142eae35ca0 JavaThread "Driver Service Executor"    daemon [_thread_blocked, id=120968, stack(0x0000004274c00000,0x0000004274d00000) (1024K)]
  0x00000142eae32190 JavaThread "Driver Service Executor"    daemon [_thread_blocked, id=120984, stack(0x0000004274e00000,0x0000004274f00000) (1024K)]
  0x00000142eae36330 JavaThread "HttpClient-152-SelectorManager" daemon [_thread_in_native, id=123040, stack(0x0000004276600000,0x0000004276700000) (1024K)]
  0x00000142eae30de0 JavaThread "External Process Output Forwarder - C:\Users\sangeetha\.cache\selenium\chromedriver\win64\127.0.6533.119\chromedriver.exe" daemon [_thread_in_native, id=123512, stack(0x0000004276c00000,0x0000004276d00000) (1024K)]
  0x00000142eae3fa20 JavaThread "Driver Service Executor"    daemon [_thread_blocked, id=123516, stack(0x0000004276d00000,0x0000004276e00000) (1024K)]
  0x00000142eae3b880 JavaThread "Driver Service Executor"    daemon [_thread_blocked, id=123520, stack(0x0000004276e00000,0x0000004276f00000) (1024K)]
  0x00000142eae3bf10 JavaThread "HttpClient-154-SelectorManager" daemon [_thread_in_native, id=117308, stack(0x0000004272700000,0x0000004272800000) (1024K)]
  0x00000142eae2d960 JavaThread "External Process Output Forwarder - C:\Users\sangeetha\.cache\selenium\chromedriver\win64\127.0.6533.119\chromedriver.exe" daemon [_thread_in_native, id=123300, stack(0x0000004273b00000,0x0000004273c00000) (1024K)]
  0x00000142eae3d2c0 JavaThread "Driver Service Executor"    daemon [_thread_blocked, id=123292, stack(0x0000004275700000,0x0000004275800000) (1024K)]
  0x00000142eae3ed00 JavaThread "Driver Service Executor"    daemon [_thread_blocked, id=123304, stack(0x0000004275800000,0x0000004275900000) (1024K)]
  0x00000142eae40dd0 JavaThread "HttpClient-156-SelectorManager" daemon [_thread_in_native, id=123984, stack(0x0000004277600000,0x0000004277700000) (1024K)]
  0x00000142eb2c9c30 JavaThread "External Process Output Forwarder - C:\Users\sangeetha\.cache\selenium\chromedriver\win64\127.0.6533.119\chromedriver.exe" daemon [_thread_in_native, id=124272, stack(0x0000004275c00000,0x0000004275d00000) (1024K)]
  0x00000142eb2c8f10 JavaThread "Driver Service Executor"    daemon [_thread_blocked, id=124276, stack(0x0000004276100000,0x0000004276200000) (1024K)]
  0x00000142eb2c2ca0 JavaThread "Driver Service Executor"    daemon [_thread_blocked, id=124280, stack(0x0000004276f00000,0x0000004277000000) (1024K)]
  0x00000142eb2ceaf0 JavaThread "HttpClient-158-SelectorManager" daemon [_thread_in_native, id=124720, stack(0x0000004277a00000,0x0000004277b00000) (1024K)]
  0x00000142eb2d18e0 JavaThread "External Process Output Forwarder - C:\Users\sangeetha\.cache\selenium\chromedriver\win64\127.0.6533.119\chromedriver.exe" daemon [_thread_in_native, id=120140, stack(0x0000004275d00000,0x0000004275e00000) (1024K)]
  0x00000142eb2cd740 JavaThread "Driver Service Executor"    daemon [_thread_blocked, id=123256, stack(0x0000004275f00000,0x0000004276000000) (1024K)]
  0x00000142eae27d80 JavaThread "Driver Service Executor"    daemon [_thread_blocked, id=119948, stack(0x0000004277300000,0x0000004277400000) (1024K)]
  0x00000142eae44250 JavaThread "HttpClient-160-SelectorManager" daemon [_thread_in_native, id=111104, stack(0x0000004277f00000,0x0000004278000000) (1024K)]
  0x00000142eae300c0 JavaThread "External Process Output Forwarder - C:\Users\sangeetha\.cache\selenium\chromedriver\win64\127.0.6533.119\chromedriver.exe" daemon [_thread_in_native, id=125188, stack(0x0000004277b00000,0x0000004277c00000) (1024K)]
  0x00000142eae38a90 JavaThread "Driver Service Executor"    daemon [_thread_blocked, id=125192, stack(0x0000004278e00000,0x0000004278f00000) (1024K)]
  0x00000142eae31b00 JavaThread "Driver Service Executor"    daemon [_thread_blocked, id=125196, stack(0x0000004278f00000,0x0000004279000000) (1024K)]
  0x00000142ec8bdc20 JavaThread "HttpClient-162-SelectorManager" daemon [_thread_in_native, id=125648, stack(0x0000004279300000,0x0000004279400000) (1024K)]
  0x00000142ec8c65f0 JavaThread "External Process Output Forwarder - C:\Users\sangeetha\.cache\selenium\chromedriver\win64\127.0.6533.119\chromedriver.exe" daemon [_thread_in_native, id=125888, stack(0x0000004276200000,0x0000004276300000) (1024K)]
  0x00000142ec8c4bb0 JavaThread "Driver Service Executor"    daemon [_thread_blocked, id=125892, stack(0x0000004276300000,0x0000004276400000) (1024K)]
  0x00000142eae2b890 JavaThread "Driver Service Executor"    daemon [_thread_blocked, id=125896, stack(0x0000004276400000,0x0000004276500000) (1024K)]
  0x00000142eae38400 JavaThread "HttpClient-164-SelectorManager" daemon [_thread_in_native, id=125212, stack(0x0000004276a00000,0x0000004276b00000) (1024K)]
  0x00000142e876dc40 JavaThread "External Process Output Forwarder - C:\Users\sangeetha\.cache\selenium\chromedriver\win64\127.0.6533.119\chromedriver.exe" daemon [_thread_in_native, id=122024, stack(0x0000004279b00000,0x0000004279c00000) (1024K)]
  0x00000142e876f680 JavaThread "Driver Service Executor"    daemon [_thread_blocked, id=122092, stack(0x0000004279c00000,0x0000004279d00000) (1024K)]
  0x00000142ec03b460 JavaThread "Driver Service Executor"    daemon [_thread_blocked, id=122096, stack(0x0000004279d00000,0x0000004279e00000) (1024K)]
  0x00000142eae35610 JavaThread "HttpClient-166-SelectorManager" daemon [_thread_in_native, id=126076, stack(0x0000004275500000,0x0000004275600000) (1024K)]
  0x00000142eae397b0 JavaThread "External Process Output Forwarder - C:\Users\sangeetha\.cache\selenium\chromedriver\win64\127.0.6533.119\chromedriver.exe" daemon [_thread_in_native, id=126524, stack(0x0000004277000000,0x0000004277100000) (1024K)]
  0x00000142eae39e40 JavaThread "Driver Service Executor"    daemon [_thread_blocked, id=126528, stack(0x0000004277100000,0x0000004277200000) (1024K)]
  0x00000142eae3b1f0 JavaThread "Driver Service Executor"    daemon [_thread_blocked, id=126532, stack(0x0000004277700000,0x0000004277800000) (1024K)]
  0x00000142eb2c6120 JavaThread "HttpClient-168-SelectorManager" daemon [_thread_in_native, id=126968, stack(0x0000004278300000,0x0000004278400000) (1024K)]
  0x00000142eb2c6e40 JavaThread "External Process Output Forwarder - C:\Users\sangeetha\.cache\selenium\chromedriver\win64\127.0.6533.119\chromedriver.exe" daemon [_thread_in_native, id=117060, stack(0x0000004277200000,0x0000004277300000) (1024K)]
  0x00000142eb2cf810 JavaThread "Driver Service Executor"    daemon [_thread_blocked, id=120716, stack(0x0000004277500000,0x0000004277600000) (1024K)]
  0x00000142eb2ce460 JavaThread "Driver Service Executor"    daemon [_thread_blocked, id=123596, stack(0x0000004277800000,0x0000004277900000) (1024K)]
  0x00000142eae448e0 JavaThread "HttpClient-170-SelectorManager" daemon [_thread_in_native, id=123548, stack(0x0000004278600000,0x0000004278700000) (1024K)]
  0x00000142eae3ab60 JavaThread "External Process Output Forwarder - C:\Users\sangeetha\.cache\selenium\chromedriver\win64\127.0.6533.119\chromedriver.exe" daemon [_thread_in_native, id=106608, stack(0x0000004277900000,0x0000004277a00000) (1024K)]
  0x00000142eb5610a0 JavaThread "Driver Service Executor"    daemon [_thread_blocked, id=84936, stack(0x0000004278b00000,0x0000004278c00000) (1024K)]
  0x00000142eb561730 JavaThread "Driver Service Executor"    daemon [_thread_blocked, id=117556, stack(0x0000004278c00000,0x0000004278d00000) (1024K)]
  0x00000142eb5023b0 JavaThread "HttpClient-172-SelectorManager" daemon [_thread_in_native, id=127072, stack(0x000000427a500000,0x000000427a600000) (1024K)]
  0x00000142e930ace0 JavaThread "External Process Output Forwarder - C:\Users\sangeetha\.cache\selenium\chromedriver\win64\127.0.6533.119\chromedriver.exe" daemon [_thread_in_native, id=127376, stack(0x0000004277d00000,0x0000004277e00000) (1024K)]
  0x00000142e93064b0 JavaThread "Driver Service Executor"    daemon [_thread_blocked, id=127380, stack(0x0000004277e00000,0x0000004277f00000) (1024K)]
  0x00000142e9308580 JavaThread "Driver Service Executor"    daemon [_thread_blocked, id=127384, stack(0x0000004278d00000,0x0000004278e00000) (1024K)]
  0x00000142e9308c10 JavaThread "HttpClient-174-SelectorManager" daemon [_thread_in_native, id=127832, stack(0x0000004279400000,0x0000004279500000) (1024K)]
  0x00000142e9307860 JavaThread "External Process Output Forwarder - C:\Users\sangeetha\.cache\selenium\chromedriver\win64\127.0.6533.119\chromedriver.exe" daemon [_thread_in_native, id=126640, stack(0x0000004276800000,0x0000004276900000) (1024K)]
  0x00000142e930b370 JavaThread "Driver Service Executor"    daemon [_thread_blocked, id=126648, stack(0x0000004276900000,0x0000004276a00000) (1024K)]
  0x00000142e930c090 JavaThread "Driver Service Executor"    daemon [_thread_blocked, id=117200, stack(0x0000004279800000,0x0000004279900000) (1024K)]
  0x00000142e9305e20 JavaThread "HttpClient-176-SelectorManager" daemon [_thread_in_native, id=124172, stack(0x0000004275300000,0x0000004275400000) (1024K)]
  0x00000142e930fba0 JavaThread "External Process Output Forwarder - C:\Users\sangeetha\.cache\selenium\chromedriver\win64\127.0.6533.119\chromedriver.exe" daemon [_thread_in_native, id=105984, stack(0x0000004278000000,0x0000004278100000) (1024K)]
  0x00000142e930dad0 JavaThread "Driver Service Executor"    daemon [_thread_blocked, id=125788, stack(0x0000004278100000,0x0000004278200000) (1024K)]
  0x00000142e930e160 JavaThread "Driver Service Executor"    daemon [_thread_blocked, id=131996, stack(0x0000004278200000,0x0000004278300000) (1024K)]
  0x00000142e9310f50 JavaThread "HttpClient-178-SelectorManager" daemon [_thread_in_native, id=132120, stack(0x0000004278800000,0x0000004278900000) (1024K)]
  0x00000142e9306b40 JavaThread "External Process Output Forwarder - C:\Users\sangeetha\.cache\selenium\chromedriver\win64\127.0.6533.119\chromedriver.exe" daemon [_thread_in_native, id=121056, stack(0x0000004276500000,0x0000004276600000) (1024K)]
  0x00000142e93071d0 JavaThread "Driver Service Executor"    daemon [_thread_blocked, id=109700, stack(0x0000004276b00000,0x0000004276c00000) (1024K)]
  0x00000142e9305790 JavaThread "Driver Service Executor"    daemon [_thread_blocked, id=124920, stack(0x0000004278400000,0x0000004278500000) (1024K)]
  0x00000142e930a650 JavaThread "HttpClient-180-SelectorManager" daemon [_thread_in_native, id=131836, stack(0x0000004279600000,0x0000004279700000) (1024K)]
  0x00000142e930d440 JavaThread "External Process Output Forwarder - C:\Users\sangeetha\.cache\selenium\chromedriver\win64\127.0.6533.119\chromedriver.exe" daemon [_thread_in_native, id=124160, stack(0x0000004278900000,0x0000004278a00000) (1024K)]
  0x00000142e9309fc0 JavaThread "Driver Service Executor"    daemon [_thread_blocked, id=132796, stack(0x0000004278a00000,0x0000004278b00000) (1024K)]
  0x00000142e9312300 JavaThread "Driver Service Executor"    daemon [_thread_blocked, id=132564, stack(0x0000004279000000,0x0000004279100000) (1024K)]
  0x00000142e93143d0 JavaThread "HttpClient-182-SelectorManager" daemon [_thread_in_native, id=130244, stack(0x000000427a200000,0x000000427a300000) (1024K)]
  0x00000142e9310230 JavaThread "External Process Output Forwarder - C:\Users\sangeetha\.cache\selenium\chromedriver\win64\127.0.6533.119\chromedriver.exe" daemon [_thread_in_native, id=132268, stack(0x0000004278500000,0x0000004278600000) (1024K)]
  0x00000142e930ee80 JavaThread "Driver Service Executor"    daemon [_thread_blocked, id=80716, stack(0x0000004278700000,0x0000004278800000) (1024K)]
  0x00000142e93108c0 JavaThread "Driver Service Executor"    daemon [_thread_blocked, id=128780, stack(0x0000004279100000,0x0000004279200000) (1024K)]
  0x00000142e93164a0 JavaThread "HttpClient-184-SelectorManager" daemon [_thread_in_native, id=133056, stack(0x0000004279f00000,0x000000427a000000) (1024K)]
  0x00000142e930cdb0 JavaThread "External Process Output Forwarder - C:\Users\sangeetha\.cache\selenium\chromedriver\win64\127.0.6533.119\chromedriver.exe" daemon [_thread_in_native, id=127312, stack(0x000000426dc00000,0x000000426dd00000) (1024K)]
  0x00000142e9313020 JavaThread "Driver Service Executor"    daemon [_thread_blocked, id=131924, stack(0x0000004279500000,0x0000004279600000) (1024K)]
  0x00000142e9311c70 JavaThread "Driver Service Executor"    daemon [_thread_blocked, id=131504, stack(0x000000427a600000,0x000000427a700000) (1024K)]
  0x00000142e9317ee0 JavaThread "HttpClient-186-SelectorManager" daemon [_thread_in_native, id=129856, stack(0x000000427ab00000,0x000000427ac00000) (1024K)]
  0x00000142e93136b0 JavaThread "External Process Output Forwarder - C:\Users\sangeetha\.cache\selenium\chromedriver\win64\127.0.6533.119\chromedriver.exe" daemon [_thread_in_native, id=133004, stack(0x0000004279a00000,0x0000004279b00000) (1024K)]
  0x00000142e9315780 JavaThread "Driver Service Executor"    daemon [_thread_blocked, id=133048, stack(0x000000427a000000,0x000000427a100000) (1024K)]
  0x00000142e9314a60 JavaThread "Driver Service Executor"    daemon [_thread_blocked, id=131004, stack(0x000000427a100000,0x000000427a200000) (1024K)]
  0x00000142e9316b30 JavaThread "HttpClient-188-SelectorManager" daemon [_thread_in_native, id=129672, stack(0x000000427b000000,0x000000427b100000) (1024K)]
  0x00000142e931cda0 JavaThread "External Process Output Forwarder - C:\Users\sangeetha\.cache\selenium\chromedriver\win64\127.0.6533.119\chromedriver.exe" daemon [_thread_in_native, id=130920, stack(0x0000004273200000,0x0000004273300000) (1024K)]
  0x00000142e931d430 JavaThread "Driver Service Executor"    daemon [_thread_blocked, id=131124, stack(0x000000427a300000,0x000000427a400000) (1024K)]
  0x00000142e931dac0 JavaThread "Driver Service Executor"    daemon [_thread_blocked, id=130780, stack(0x000000427b500000,0x000000427b600000) (1024K)]
  0x00000142e931f500 JavaThread "HttpClient-190-SelectorManager" daemon [_thread_in_native, id=131100, stack(0x000000427b900000,0x000000427ba00000) (1024K)]
  0x00000142e9307ef0 JavaThread "External Process Output Forwarder - C:\Users\sangeetha\.cache\selenium\chromedriver\win64\127.0.6533.119\chromedriver.exe" daemon [_thread_in_native, id=127492, stack(0x0000004279900000,0x0000004279a00000) (1024K)]
  0x00000142e93171c0 JavaThread "Driver Service Executor"    daemon [_thread_blocked, id=129748, stack(0x0000004279e00000,0x0000004279f00000) (1024K)]
  0x00000142e9318c00 JavaThread "Driver Service Executor"    daemon [_thread_blocked, id=132880, stack(0x000000427a400000,0x000000427a500000) (1024K)]
  0x00000142e931c710 JavaThread "HttpClient-192-SelectorManager" daemon [_thread_in_native, id=131108, stack(0x000000427ae00000,0x000000427af00000) (1024K)]
  0x00000142e9319920 JavaThread "External Process Output Forwarder - C:\Users\sangeetha\.cache\selenium\chromedriver\win64\127.0.6533.119\chromedriver.exe" daemon [_thread_in_native, id=131764, stack(0x000000427ad00000,0x000000427ae00000) (1024K)]
  0x00000142e931c080 JavaThread "Driver Service Executor"    daemon [_thread_blocked, id=129588, stack(0x000000427b600000,0x000000427b700000) (1024K)]
  0x00000142e9320220 JavaThread "Driver Service Executor"    daemon [_thread_blocked, id=129584, stack(0x000000427bd00000,0x000000427be00000) (1024K)]
  0x00000142e9323010 JavaThread "HttpClient-194-SelectorManager" daemon [_thread_in_native, id=107548, stack(0x000000427c100000,0x000000427c200000) (1024K)]
  0x00000142e9319290 JavaThread "External Process Output Forwarder - C:\Users\sangeetha\.cache\selenium\chromedriver\win64\127.0.6533.119\chromedriver.exe" daemon [_thread_in_native, id=131948, stack(0x0000004279700000,0x0000004279800000) (1024K)]
  0x00000142e93150f0 JavaThread "Driver Service Executor"    daemon [_thread_blocked, id=131236, stack(0x000000427a700000,0x000000427a800000) (1024K)]
  0x00000142e9315e10 JavaThread "Driver Service Executor"    daemon [_thread_blocked, id=106444, stack(0x000000427a800000,0x000000427a900000) (1024K)]
  0x00000142e9321c60 JavaThread "HttpClient-196-SelectorManager" daemon [_thread_in_native, id=131076, stack(0x000000427be00000,0x000000427bf00000) (1024K)]
  0x00000142eae369c0 JavaThread "External Process Output Forwarder - C:\Users\sangeetha\.cache\selenium\chromedriver\win64\127.0.6533.119\chromedriver.exe" daemon [_thread_in_native, id=125848, stack(0x000000427b400000,0x000000427b500000) (1024K)]
  0x00000142eae33bd0 JavaThread "Driver Service Executor"    daemon [_thread_blocked, id=132884, stack(0x000000427ca00000,0x000000427cb00000) (1024K)]
  0x00000142eae31470 JavaThread "Driver Service Executor"    daemon [_thread_blocked, id=130324, stack(0x000000427cb00000,0x000000427cc00000) (1024K)]
  0x00000142eae3dfe0 JavaThread "HttpClient-198-SelectorManager" daemon [_thread_in_native, id=118944, stack(0x000000427cf00000,0x000000427d000000) (1024K)]
  0x00000142eae45600 JavaThread "External Process Output Forwarder - C:\Users\sangeetha\.cache\selenium\chromedriver\win64\127.0.6533.119\chromedriver.exe" daemon [_thread_in_native, id=129352, stack(0x000000427aa00000,0x000000427ab00000) (1024K)]
  0x00000142eae42180 JavaThread "Driver Service Executor"    daemon [_thread_blocked, id=128952, stack(0x000000427ac00000,0x000000427ad00000) (1024K)]
  0x00000142eae45c90 JavaThread "Driver Service Executor"    daemon [_thread_blocked, id=131052, stack(0x000000427af00000,0x000000427b000000) (1024K)]
  0x00000142e9323d30 JavaThread "HttpClient-200-SelectorManager" daemon [_thread_in_native, id=117136, stack(0x000000427b700000,0x000000427b800000) (1024K)]
  0x00000142e93215d0 JavaThread "External Process Output Forwarder - C:\Users\sangeetha\.cache\selenium\chromedriver\win64\127.0.6533.119\chromedriver.exe" daemon [_thread_in_native, id=128464, stack(0x000000427b100000,0x000000427b200000) (1024K)]
  0x00000142e9324a50 JavaThread "Driver Service Executor"    daemon [_thread_blocked, id=128476, stack(0x000000427ba00000,0x000000427bb00000) (1024K)]
  0x00000142e93208b0 JavaThread "Driver Service Executor"    daemon [_thread_blocked, id=107936, stack(0x000000427bb00000,0x000000427bc00000) (1024K)]
  0x00000142e931b9f0 JavaThread "HttpClient-202-SelectorManager" daemon [_thread_in_native, id=133168, stack(0x000000427c500000,0x000000427c600000) (1024K)]
  0x00000142e9322980 JavaThread "External Process Output Forwarder - C:\Users\sangeetha\.cache\selenium\chromedriver\win64\127.0.6533.119\chromedriver.exe" daemon [_thread_in_native, id=133916, stack(0x000000427b800000,0x000000427b900000) (1024K)]
  0x00000142e931fb90 JavaThread "Driver Service Executor"    daemon [_thread_blocked, id=133920, stack(0x000000427bc00000,0x000000427bd00000) (1024K)]
  0x00000142e9312990 JavaThread "Driver Service Executor"    daemon [_thread_blocked, id=133924, stack(0x000000427bf00000,0x000000427c000000) (1024K)]
  0x00000142e931b360 JavaThread "HttpClient-204-SelectorManager" daemon [_thread_in_native, id=129116, stack(0x000000427ce00000,0x000000427cf00000) (1024K)]
  0x00000142eae46320 JavaThread "External Process Output Forwarder - C:\Users\sangeetha\.cache\selenium\chromedriver\win64\127.0.6533.119\chromedriver.exe" daemon [_thread_in_native, id=118324, stack(0x000000427b300000,0x000000427b400000) (1024K)]
  0x00000142eae2c5b0 JavaThread "Driver Service Executor"    daemon [_thread_blocked, id=118896, stack(0x000000427c200000,0x000000427c300000) (1024K)]
  0x00000142eae34f80 JavaThread "Driver Service Executor"    daemon [_thread_blocked, id=128700, stack(0x000000427c300000,0x000000427c400000) (1024K)]
  0x00000142eae40740 JavaThread "HttpClient-206-SelectorManager" daemon [_thread_in_native, id=134036, stack(0x000000427d200000,0x000000427d300000) (1024K)]
  0x00000142eb2d0bc0 JavaThread "External Process Output Forwarder - C:\Users\sangeetha\.cache\selenium\chromedriver\win64\127.0.6533.119\chromedriver.exe" daemon [_thread_in_native, id=129780, stack(0x000000427c000000,0x000000427c100000) (1024K)]
  0x00000142eb2d1250 JavaThread "Driver Service Executor"    daemon [_thread_blocked, id=121060, stack(0x000000427c400000,0x000000427c500000) (1024K)]
  0x00000142eb2ca2c0 JavaThread "Driver Service Executor"    daemon [_thread_blocked, id=125784, stack(0x000000427c600000,0x000000427c700000) (1024K)]
  0x00000142e93243c0 JavaThread "HttpClient-208-SelectorManager" daemon [_thread_in_native, id=134208, stack(0x000000427d700000,0x000000427d800000) (1024K)]
  0x00000142e9317850 JavaThread "External Process Output Forwarder - C:\Users\sangeetha\.cache\selenium\chromedriver\win64\127.0.6533.119\chromedriver.exe" daemon [_thread_in_native, id=134736, stack(0x000000427c900000,0x000000427ca00000) (1024K)]
  0x00000142e9318570 JavaThread "Driver Service Executor"    daemon [_thread_blocked, id=134740, stack(0x000000427dc00000,0x000000427dd00000) (1024K)]
  0x00000142e931acd0 JavaThread "Driver Service Executor"    daemon [_thread_blocked, id=134744, stack(0x000000427dd00000,0x000000427de00000) (1024K)]
  0x00000142ec8ca100 JavaThread "HttpClient-210-SelectorManager" daemon [_thread_in_native, id=128924, stack(0x000000427e100000,0x000000427e200000) (1024K)]
  0x00000142eae2ed10 JavaThread "External Process Output Forwarder - C:\Users\sangeetha\.cache\selenium\chromedriver\win64\127.0.6533.119\chromedriver.exe" daemon [_thread_in_native, id=128664, stack(0x000000427a900000,0x000000427aa00000) (1024K)]
  0x00000142eae3cc30 JavaThread "Driver Service Executor"    daemon [_thread_blocked, id=128380, stack(0x000000427cc00000,0x000000427cd00000) (1024K)]
  0x00000142eae42810 JavaThread "Driver Service Executor"    daemon [_thread_blocked, id=105664, stack(0x000000427cd00000,0x000000427ce00000) (1024K)]
  0x00000142e87eb330 JavaThread "HttpClient-212-SelectorManager" daemon [_thread_in_native, id=135284, stack(0x000000427de00000,0x000000427df00000) (1024K)]
  0x00000142eb2d0530 JavaThread "External Process Output Forwarder - C:\Users\sangeetha\.cache\selenium\chromedriver\win64\127.0.6533.119\chromedriver.exe" daemon [_thread_in_native, id=136572, stack(0x000000427d300000,0x000000427d400000) (1024K)]
  0x00000142e93236a0 JavaThread "Driver Service Executor"    daemon [_thread_blocked, id=136592, stack(0x000000427e900000,0x000000427ea00000) (1024K)]
  0x00000142e931ee70 JavaThread "Driver Service Executor"    daemon [_thread_blocked, id=136568, stack(0x000000427ea00000,0x000000427eb00000) (1024K)]
  0x00000142ec4fd840 JavaThread "HttpClient-214-SelectorManager" daemon [_thread_in_native, id=137304, stack(0x000000427ee00000,0x000000427ef00000) (1024K)]
  0x00000142eb9b9720 JavaThread "External Process Output Forwarder - C:\Users\sangeetha\.cache\selenium\chromedriver\win64\127.0.6533.119\chromedriver.exe" daemon [_thread_in_native, id=132592, stack(0x000000427c800000,0x000000427c900000) (1024K)]
  0x00000142eb9b8a00 JavaThread "Driver Service Executor"    daemon [_thread_blocked, id=134556, stack(0x000000427d000000,0x000000427d100000) (1024K)]
  0x00000142eb9b8370 JavaThread "Driver Service Executor"    daemon [_thread_blocked, id=130360, stack(0x000000427d100000,0x000000427d200000) (1024K)]
  0x00000142eb9b9090 JavaThread "HttpClient-216-SelectorManager" daemon [_thread_in_native, id=137108, stack(0x000000427da00000,0x000000427db00000) (1024K)]
  0x00000142eb9ba440 JavaThread "External Process Output Forwarder - C:\Users\sangeetha\.cache\selenium\chromedriver\win64\127.0.6533.119\chromedriver.exe" daemon [_thread_in_native, id=135580, stack(0x000000427d400000,0x000000427d500000) (1024K)]
  0x00000142eb9bb160 JavaThread "Driver Service Executor"    daemon [_thread_blocked, id=133728, stack(0x000000427d500000,0x000000427d600000) (1024K)]
  0x00000142eb9bdf50 JavaThread "Driver Service Executor"    daemon [_thread_blocked, id=135296, stack(0x000000427d600000,0x000000427d700000) (1024K)]
  0x00000142eb9bd230 JavaThread "HttpClient-218-SelectorManager" daemon [_thread_in_native, id=138292, stack(0x000000427e600000,0x000000427e700000) (1024K)]
  0x00000142eb9b6fc0 JavaThread "External Process Output Forwarder - C:\Users\sangeetha\.cache\selenium\chromedriver\win64\127.0.6533.119\chromedriver.exe" daemon [_thread_in_native, id=138772, stack(0x000000427c700000,0x000000427c800000) (1024K)]
  0x00000142eb9b4ef0 JavaThread "Driver Service Executor"    daemon [_thread_blocked, id=130548, stack(0x000000427db00000,0x000000427dc00000) (1024K)]
  0x00000142eb9bc510 JavaThread "Driver Service Executor"    daemon [_thread_blocked, id=135876, stack(0x000000427df00000,0x000000427e000000) (1024K)]
  0x00000142eb9b6930 JavaThread "HttpClient-220-SelectorManager" daemon [_thread_in_native, id=135568, stack(0x000000427d800000,0x000000427d900000) (1024K)]
  0x00000142eb9b7ce0 JavaThread "External Process Output Forwarder - C:\Users\sangeetha\.cache\selenium\chromedriver\win64\127.0.6533.119\chromedriver.exe" daemon [_thread_in_native, id=136388, stack(0x000000427e700000,0x000000427e800000) (1024K)]
  0x00000142eb9bbe80 JavaThread "Driver Service Executor"    daemon [_thread_blocked, id=138124, stack(0x000000427e800000,0x000000427e900000) (1024K)]
  0x00000142eb9b5580 JavaThread "Driver Service Executor"    daemon [_thread_blocked, id=135520, stack(0x000000427eb00000,0x000000427ec00000) (1024K)]
  0x00000142eb9c2780 JavaThread "HttpClient-222-SelectorManager" daemon [_thread_in_native, id=132448, stack(0x000000427f400000,0x000000427f500000) (1024K)]
  0x00000142eb9b9db0 JavaThread "External Process Output Forwarder - C:\Users\sangeetha\.cache\selenium\chromedriver\win64\127.0.6533.119\chromedriver.exe" daemon [_thread_in_native, id=136344, stack(0x000000427d900000,0x000000427da00000) (1024K)]
  0x00000142eb9bd8c0 JavaThread "Driver Service Executor"    daemon [_thread_blocked, id=135620, stack(0x000000427e200000,0x000000427e300000) (1024K)]
  0x00000142eb9be5e0 JavaThread "Driver Service Executor"    daemon [_thread_blocked, id=136076, stack(0x000000427e400000,0x000000427e500000) (1024K)]
  0x00000142eb9c4850 JavaThread "HttpClient-224-SelectorManager" daemon [_thread_in_native, id=138072, stack(0x000000427f100000,0x000000427f200000) (1024K)]
  0x00000142eb9bf300 JavaThread "External Process Output Forwarder - C:\Users\sangeetha\.cache\selenium\chromedriver\win64\127.0.6533.119\chromedriver.exe" daemon [_thread_in_native, id=138304, stack(0x000000427e500000,0x000000427e600000) (1024K)]
  0x00000142eb9c0020 JavaThread "Driver Service Executor"    daemon [_thread_blocked, id=130152, stack(0x000000427fb00000,0x000000427fc00000) (1024K)]
  0x00000142eb9c0d40 JavaThread "Driver Service Executor"    daemon [_thread_blocked, id=136200, stack(0x000000427fc00000,0x000000427fd00000) (1024K)]
  0x00000142eb9c9080 JavaThread "HttpClient-226-SelectorManager" daemon [_thread_in_native, id=135848, stack(0x0000004200000000,0x0000004200100000) (1024K)]
  0x00000142eb9bcba0 JavaThread "External Process Output Forwarder - C:\Users\sangeetha\.cache\selenium\chromedriver\win64\127.0.6533.119\chromedriver.exe" daemon [_thread_in_native, id=126412, stack(0x0000004200700000,0x0000004200800000) (1024K)]
  0x00000142eb9b62a0 JavaThread "Driver Service Executor"    daemon [_thread_blocked, id=128644, stack(0x0000004200800000,0x0000004200900000) (1024K)]
  0x00000142eb9c34a0 JavaThread "Driver Service Executor"    daemon [_thread_blocked, id=130756, stack(0x0000004200900000,0x0000004200a00000) (1024K)]
  0x00000142eb9c6290 JavaThread "HttpClient-228-SelectorManager" daemon [_thread_in_native, id=51252, stack(0x0000004200d00000,0x0000004200e00000) (1024K)]
  0x00000142eb9c5c00 JavaThread "External Process Output Forwarder - C:\Users\sangeetha\.cache\selenium\chromedriver\win64\127.0.6533.119\chromedriver.exe" daemon [_thread_in_native, id=135244, stack(0x0000004200200000,0x0000004200300000) (1024K)]
  0x00000142eb9c1a60 JavaThread "Driver Service Executor"    daemon [_thread_blocked, id=131720, stack(0x0000004200300000,0x0000004200400000) (1024K)]
  0x00000142eb9c6920 JavaThread "Driver Service Executor"    daemon [_thread_blocked, id=135872, stack(0x0000004200a00000,0x0000004200b00000) (1024K)]
  0x00000142eb9c7640 JavaThread "HttpClient-230-SelectorManager" daemon [_thread_in_native, id=135600, stack(0x0000004201500000,0x0000004201600000) (1024K)]
  0x00000142eb9c9da0 JavaThread "External Process Output Forwarder - C:\Users\sangeetha\.cache\selenium\chromedriver\win64\127.0.6533.119\chromedriver.exe" daemon [_thread_in_native, id=139764, stack(0x0000004201b00000,0x0000004201c00000) (1024K)]
  0x00000142eb9ca430 JavaThread "Driver Service Executor"    daemon [_thread_blocked, id=139768, stack(0x0000004201e00000,0x0000004201f00000) (1024K)]
  0x00000142eb9caac0 JavaThread "Driver Service Executor"    daemon [_thread_blocked, id=139772, stack(0x0000004201f00000,0x0000004202000000) (1024K)]
  0x00000142eb9cc500 JavaThread "HttpClient-232-SelectorManager" daemon [_thread_in_native, id=140236, stack(0x0000004202300000,0x0000004202400000) (1024K)]
  0x00000142eb9bb7f0 JavaThread "External Process Output Forwarder - C:\Users\sangeetha\.cache\selenium\chromedriver\win64\127.0.6533.119\chromedriver.exe" daemon [_thread_in_native, id=78332, stack(0x0000004200400000,0x0000004200500000) (1024K)]
  0x00000142eb9c06b0 JavaThread "Driver Service Executor"    daemon [_thread_blocked, id=133404, stack(0x0000004200600000,0x0000004200700000) (1024K)]
  0x00000142eb9baad0 JavaThread "Driver Service Executor"    daemon [_thread_blocked, id=137348, stack(0x0000004200e00000,0x0000004200f00000) (1024K)]
  0x00000142eb9cb150 JavaThread "HttpClient-234-SelectorManager" daemon [_thread_in_native, id=8024, stack(0x0000004202000000,0x0000004202100000) (1024K)]
  0x00000142eb9c2e10 JavaThread "External Process Output Forwarder - C:\Users\sangeetha\.cache\selenium\chromedriver\win64\127.0.6533.119\chromedriver.exe" daemon [_thread_in_native, id=138764, stack(0x0000004200c00000,0x0000004200d00000) (1024K)]
  0x00000142eb9c4ee0 JavaThread "Driver Service Executor"    daemon [_thread_blocked, id=130184, stack(0x0000004200f00000,0x0000004201000000) (1024K)]
  0x00000142eb9bf990 JavaThread "Driver Service Executor"    daemon [_thread_blocked, id=105044, stack(0x0000004201100000,0x0000004201200000) (1024K)]
  0x00000142eb9c9710 JavaThread "HttpClient-236-SelectorManager" daemon [_thread_in_native, id=140444, stack(0x0000004201a00000,0x0000004201b00000) (1024K)]
  0x00000142eb9c3b30 JavaThread "External Process Output Forwarder - C:\Users\sangeetha\.cache\selenium\chromedriver\win64\127.0.6533.119\chromedriver.exe" daemon [_thread_in_native, id=141116, stack(0x0000004201400000,0x0000004201500000) (1024K)]
  0x00000142eb9ccb90 JavaThread "Driver Service Executor"    daemon [_thread_blocked, id=141120, stack(0x0000004201600000,0x0000004201700000) (1024K)]
  0x00000142eb9cd220 JavaThread "Driver Service Executor"    daemon [_thread_blocked, id=141124, stack(0x0000004201900000,0x0000004201a00000) (1024K)]
  0x00000142eb9d3b20 JavaThread "HttpClient-238-SelectorManager" daemon [_thread_in_native, id=140700, stack(0x0000004202e00000,0x0000004202f00000) (1024K)]
  0x00000142eb9c5570 JavaThread "External Process Output Forwarder - C:\Users\sangeetha\.cache\selenium\chromedriver\win64\127.0.6533.119\chromedriver.exe" daemon [_thread_in_native, id=133724, stack(0x0000004200b00000,0x0000004200c00000) (1024K)]
  0x00000142eb9bec70 JavaThread "Driver Service Executor"    daemon [_thread_blocked, id=128836, stack(0x0000004202100000,0x0000004202200000) (1024K)]
  0x00000142eb9cdf40 JavaThread "Driver Service Executor"    daemon [_thread_blocked, id=134264, stack(0x0000004202200000,0x0000004202300000) (1024K)]
  0x00000142eb9cbe70 JavaThread "HttpClient-240-SelectorManager" daemon [_thread_in_native, id=140932, stack(0x0000004202900000,0x0000004202a00000) (1024K)]
  0x00000142eb9c20f0 JavaThread "External Process Output Forwarder - C:\Users\sangeetha\.cache\selenium\chromedriver\win64\127.0.6533.119\chromedriver.exe" daemon [_thread_in_native, id=141604, stack(0x0000004201200000,0x0000004201300000) (1024K)]
  0x00000142eb9c41c0 JavaThread "Driver Service Executor"    daemon [_thread_blocked, id=141608, stack(0x0000004201300000,0x0000004201400000) (1024K)]
  0x00000142eb9ce5d0 JavaThread "Driver Service Executor"    daemon [_thread_blocked, id=141612, stack(0x0000004202400000,0x0000004202500000) (1024K)]
  0x00000142eb9d0d30 JavaThread "HttpClient-242-SelectorManager" daemon [_thread_in_native, id=142072, stack(0x0000004201700000,0x0000004201800000) (1024K)]
  0x00000142eb9c13d0 JavaThread "External Process Output Forwarder - C:\Users\sangeetha\.cache\selenium\chromedriver\win64\127.0.6533.119\chromedriver.exe" daemon [_thread_in_native, id=136840, stack(0x0000004202a00000,0x0000004202b00000) (1024K)]
  0x00000142eb9cec60 JavaThread "Driver Service Executor"    daemon [_thread_blocked, id=141972, stack(0x0000004202f00000,0x0000004203000000) (1024K)]
  0x00000142eb9c89f0 JavaThread "Driver Service Executor"    daemon [_thread_blocked, id=140684, stack(0x0000004203000000,0x0000004203100000) (1024K)]
  0x00000142e930c720 JavaThread "HttpClient-244-SelectorManager" daemon [_thread_in_native, id=141372, stack(0x0000004203900000,0x0000004203a00000) (1024K)]
  0x00000142e9320f40 JavaThread "External Process Output Forwarder - C:\Users\sangeetha\.cache\selenium\chromedriver\win64\127.0.6533.119\chromedriver.exe" daemon [_thread_in_native, id=141616, stack(0x0000004202500000,0x0000004202600000) (1024K)]
  0x00000142e93222f0 JavaThread "Driver Service Executor"    daemon [_thread_blocked, id=86292, stack(0x0000004202600000,0x0000004202700000) (1024K)]
  0x00000142eb9b7650 JavaThread "Driver Service Executor"    daemon [_thread_blocked, id=141708, stack(0x0000004203100000,0x0000004203200000) (1024K)]
  0x00000142eb9cf2f0 JavaThread "HttpClient-246-SelectorManager" daemon [_thread_in_native, id=138952, stack(0x0000004203d00000,0x0000004203e00000) (1024K)]
  0x00000142eae39120 JavaThread "External Process Output Forwarder - C:\Users\sangeetha\.cache\selenium\chromedriver\win64\127.0.6533.119\chromedriver.exe" daemon [_thread_in_native, id=142980, stack(0x0000004202700000,0x0000004202800000) (1024K)]
  0x00000142eae3d950 JavaThread "Driver Service Executor"    daemon [_thread_blocked, id=142984, stack(0x0000004202800000,0x0000004202900000) (1024K)]
  0x00000142eb9cb7e0 JavaThread "Driver Service Executor"    daemon [_thread_blocked, id=142988, stack(0x0000004202d00000,0x0000004202e00000) (1024K)]
  0x00000142eb9d1a50 JavaThread "HttpClient-248-SelectorManager" daemon [_thread_in_native, id=141656, stack(0x0000004204300000,0x0000004204400000) (1024K)]
  0x00000142eb9cd8b0 JavaThread "External Process Output Forwarder - C:\Users\sangeetha\.cache\selenium\chromedriver\win64\127.0.6533.119\chromedriver.exe" daemon [_thread_in_native, id=134812, stack(0x0000004201000000,0x0000004201100000) (1024K)]
  0x00000142eb9c8360 JavaThread "Driver Service Executor"    daemon [_thread_blocked, id=140468, stack(0x0000004202b00000,0x0000004202c00000) (1024K)]
  0x00000142eb9d20e0 JavaThread "Driver Service Executor"    daemon [_thread_blocked, id=143356, stack(0x0000004202c00000,0x0000004202d00000) (1024K)]
  0x00000142ec8bc870 JavaThread "HttpClient-250-SelectorManager" daemon [_thread_in_native, id=142668, stack(0x0000004203b00000,0x0000004203c00000) (1024K)]
  0x00000142e930ba00 JavaThread "External Process Output Forwarder - C:\Users\sangeetha\.cache\selenium\chromedriver\win64\127.0.6533.119\chromedriver.exe" daemon [_thread_in_native, id=143728, stack(0x0000004203200000,0x0000004203300000) (1024K)]
  0x00000142e9319fb0 JavaThread "Driver Service Executor"    daemon [_thread_blocked, id=143732, stack(0x0000004203700000,0x0000004203800000) (1024K)]
  0x00000142e931a640 JavaThread "Driver Service Executor"    daemon [_thread_blocked, id=143736, stack(0x0000004203800000,0x0000004203900000) (1024K)]
  0x00000142eb9d41b0 JavaThread "HttpClient-252-SelectorManager" daemon [_thread_in_native, id=139336, stack(0x0000004204000000,0x0000004204100000) (1024K)]
  0x00000142eb9d0010 JavaThread "External Process Output Forwarder - C:\Users\sangeetha\.cache\selenium\chromedriver\win64\127.0.6533.119\chromedriver.exe" daemon [_thread_in_native, id=143556, stack(0x0000004203300000,0x0000004203400000) (1024K)]
  0x00000142eb9c6fb0 JavaThread "Driver Service Executor"    daemon [_thread_blocked, id=143584, stack(0x0000004203600000,0x0000004203700000) (1024K)]
  0x00000142e876a130 JavaThread "Driver Service Executor"    daemon [_thread_blocked, id=144396, stack(0x0000004203c00000,0x0000004203d00000) (1024K)]
  0x00000142e87ec6e0 JavaThread "HttpClient-254-SelectorManager" daemon [_thread_in_native, id=143688, stack(0x0000004204600000,0x0000004204700000) (1024K)]
  0x00000142ea930c50 JavaThread "External Process Output Forwarder - C:\Users\sangeetha\.cache\selenium\chromedriver\win64\127.0.6533.119\chromedriver.exe" daemon [_thread_in_native, id=145340, stack(0x0000004203500000,0x0000004203600000) (1024K)]
  0x00000142ea92f210 JavaThread "Driver Service Executor"    daemon [_thread_blocked, id=140848, stack(0x0000004203a00000,0x0000004203b00000) (1024K)]
  0x00000142ea933a40 JavaThread "Driver Service Executor"    daemon [_thread_blocked, id=139148, stack(0x0000004204100000,0x0000004204200000) (1024K)]
  0x00000142ea92de60 JavaThread "HttpClient-256-SelectorManager" daemon [_thread_in_native, id=142860, stack(0x0000004204800000,0x0000004204900000) (1024K)]
  0x00000142ea9340d0 JavaThread "External Process Output Forwarder - C:\Users\sangeetha\.cache\selenium\chromedriver\win64\127.0.6533.119\chromedriver.exe" daemon [_thread_in_native, id=143816, stack(0x0000004201800000,0x0000004201900000) (1024K)]
  0x00000142ea9361a0 JavaThread "Driver Service Executor"    daemon [_thread_blocked, id=142728, stack(0x0000004203e00000,0x0000004203f00000) (1024K)]
  0x00000142ea934760 JavaThread "Driver Service Executor"    daemon [_thread_blocked, id=129988, stack(0x0000004203f00000,0x0000004204000000) (1024K)]
  0x00000142ea92ff30 JavaThread "HttpClient-258-SelectorManager" daemon [_thread_in_native, id=139632, stack(0x0000004204f00000,0x0000004205000000) (1024K)]
  0x00000142ea937be0 JavaThread "External Process Output Forwarder - C:\Users\sangeetha\.cache\selenium\chromedriver\win64\127.0.6533.119\chromedriver.exe" daemon [_thread_in_native, id=145744, stack(0x0000004203400000,0x0000004203500000) (1024K)]
  0x00000142ea934df0 JavaThread "Driver Service Executor"    daemon [_thread_blocked, id=145748, stack(0x0000004204b00000,0x0000004204c00000) (1024K)]
  0x00000142ea938270 JavaThread "Driver Service Executor"    daemon [_thread_blocked, id=145752, stack(0x0000004205600000,0x0000004205700000) (1024K)]
  0x00000142ea939cb0 JavaThread "HttpClient-260-SelectorManager" daemon [_thread_in_native, id=146216, stack(0x0000004205a00000,0x0000004205b00000) (1024K)]
  0x00000142ea92d140 JavaThread "External Process Output Forwarder - C:\Users\sangeetha\.cache\selenium\chromedriver\win64\127.0.6533.119\chromedriver.exe" daemon [_thread_in_native, id=140796, stack(0x0000004204500000,0x0000004204600000) (1024K)]
  0x00000142ea932000 JavaThread "Driver Service Executor"    daemon [_thread_blocked, id=81756, stack(0x0000004204900000,0x0000004204a00000) (1024K)]
  0x00000142ea93a9d0 JavaThread "Driver Service Executor"    daemon [_thread_blocked, id=144364, stack(0x0000004204a00000,0x0000004204b00000) (1024K)]
  0x00000142ea93c410 JavaThread "HttpClient-262-SelectorManager" daemon [_thread_in_native, id=141652, stack(0x0000004205f00000,0x0000004206000000) (1024K)]
  0x00000142ea92eb80 JavaThread "External Process Output Forwarder - C:\Users\sangeetha\.cache\selenium\chromedriver\win64\127.0.6533.119\chromedriver.exe" daemon [_thread_in_native, id=143744, stack(0x0000004204400000,0x0000004204500000) (1024K)]
  0x00000142ea92d7d0 JavaThread "Driver Service Executor"    daemon [_thread_blocked, id=143752, stack(0x0000004204700000,0x0000004204800000) (1024K)]
  0x00000142ea92e4f0 JavaThread "Driver Service Executor"    daemon [_thread_blocked, id=143756, stack(0x0000004204c00000,0x0000004204d00000) (1024K)]
  0x00000142ea93b060 JavaThread "HttpClient-264-SelectorManager" daemon [_thread_in_native, id=135752, stack(0x0000004205300000,0x0000004205400000) (1024K)]
  0x00000142eb9d3490 JavaThread "External Process Output Forwarder - C:\Users\sangeetha\.cache\selenium\chromedriver\win64\127.0.6533.119\chromedriver.exe" daemon [_thread_in_native, id=146332, stack(0x0000004204d00000,0x0000004204e00000) (1024K)]
  0x00000142eb9b5c10 JavaThread "Driver Service Executor"    daemon [_thread_blocked, id=145640, stack(0x0000004204e00000,0x0000004204f00000) (1024K)]
  0x00000142eb9c7cd0 JavaThread "Driver Service Executor"    daemon [_thread_blocked, id=109464, stack(0x0000004205000000,0x0000004205100000) (1024K)]
  0x00000142ea935480 JavaThread "HttpClient-266-SelectorManager" daemon [_thread_in_native, id=146536, stack(0x0000004205d00000,0x0000004205e00000) (1024K)]
  0x00000142ea939620 JavaThread "External Process Output Forwarder - C:\Users\sangeetha\.cache\selenium\chromedriver\win64\127.0.6533.119\chromedriver.exe" daemon [_thread_in_native, id=147148, stack(0x0000004205400000,0x0000004205500000) (1024K)]
  0x00000142ea932690 JavaThread "Driver Service Executor"    daemon [_thread_blocked, id=147152, stack(0x0000004205800000,0x0000004205900000) (1024K)]
  0x00000142ea932d20 JavaThread "Driver Service Executor"    daemon [_thread_blocked, id=147156, stack(0x0000004205900000,0x0000004205a00000) (1024K)]
  0x00000142ea93d130 JavaThread "HttpClient-268-SelectorManager" daemon [_thread_in_native, id=135988, stack(0x0000004206200000,0x0000004206300000) (1024K)]
  0x00000142ea936830 JavaThread "External Process Output Forwarder - C:\Users\sangeetha\.cache\selenium\chromedriver\win64\127.0.6533.119\chromedriver.exe" daemon [_thread_in_native, id=147876, stack(0x0000004205100000,0x0000004205200000) (1024K)]
  0x00000142ea9305c0 JavaThread "Driver Service Executor"    daemon [_thread_blocked, id=147880, stack(0x0000004205200000,0x0000004205300000) (1024K)]
  0x00000142ea92f8a0 JavaThread "Driver Service Executor"    daemon [_thread_blocked, id=147888, stack(0x0000004205500000,0x0000004205600000) (1024K)]
  0x00000142ea9333b0 JavaThread "HttpClient-270-SelectorManager" daemon [_thread_in_native, id=147564, stack(0x0000004206400000,0x0000004206500000) (1024K)]
  0x00000142eb9d13c0 JavaThread "External Process Output Forwarder - C:\Users\sangeetha\.cache\selenium\chromedriver\win64\127.0.6533.119\chromedriver.exe" daemon [_thread_in_native, id=83976, stack(0x0000004205700000,0x0000004205800000) (1024K)]
  0x00000142eb9cf980 JavaThread "Driver Service Executor"    daemon [_thread_blocked, id=144588, stack(0x0000004205b00000,0x0000004205c00000) (1024K)]
  0x00000142ea9312e0 JavaThread "Driver Service Executor"    daemon [_thread_blocked, id=145656, stack(0x0000004205c00000,0x0000004205d00000) (1024K)]
  0x00000142ea935b10 JavaThread "HttpClient-272-SelectorManager" daemon [_thread_in_native, id=148512, stack(0x0000004206c00000,0x0000004206d00000) (1024K)]
  0x00000142ec8bd590 JavaThread "External Process Output Forwarder - C:\Users\sangeetha\.cache\selenium\chromedriver\win64\127.0.6533.119\chromedriver.exe" daemon [_thread_in_native, id=146972, stack(0x0000004206900000,0x0000004206a00000) (1024K)]
  0x00000142ec8cb4b0 JavaThread "Driver Service Executor"    daemon [_thread_blocked, id=146980, stack(0x0000004207200000,0x0000004207300000) (1024K)]
  0x00000142eae42ea0 JavaThread "Driver Service Executor"    daemon [_thread_blocked, id=146976, stack(0x0000004207300000,0x0000004207400000) (1024K)]
  0x00000142eb9d2770 JavaThread "HttpClient-274-SelectorManager" daemon [_thread_in_native, id=150636, stack(0x0000004207700000,0x0000004207800000) (1024K)]
  0x00000142ea938900 JavaThread "External Process Output Forwarder - C:\Users\sangeetha\.cache\selenium\chromedriver\win64\127.0.6533.119\chromedriver.exe" daemon [_thread_in_native, id=146948, stack(0x0000004206000000,0x0000004206100000) (1024K)]
  0x00000142ea93d7c0 JavaThread "Driver Service Executor"    daemon [_thread_blocked, id=148644, stack(0x0000004206100000,0x0000004206200000) (1024K)]
  0x00000142ea938f90 JavaThread "Driver Service Executor"    daemon [_thread_blocked, id=106852, stack(0x0000004206500000,0x0000004206600000) (1024K)]
  0x00000142eb2cddd0 JavaThread "HttpClient-277-SelectorManager" daemon [_thread_in_native, id=150416, stack(0x0000004206b00000,0x0000004206c00000) (1024K)]
  0x00000142e876c200 JavaThread "External Process Output Forwarder - C:\Users\sangeetha\.cache\selenium\chromedriver\win64\127.0.6533.119\chromedriver.exe" daemon [_thread_in_native, id=83044, stack(0x0000004207400000,0x0000004207500000) (1024K)]
  0x00000142eb9d2e00 JavaThread "Driver Service Executor"    daemon [_thread_blocked, id=81316, stack(0x0000004207500000,0x0000004207600000) (1024K)]
  0x00000142eb9d06a0 JavaThread "Driver Service Executor"    daemon [_thread_blocked, id=88872, stack(0x0000004207600000,0x0000004207700000) (1024K)]
  0x00000142ea93a340 JavaThread "HttpClient-279-SelectorManager" daemon [_thread_in_native, id=138656, stack(0x0000004207b00000,0x0000004207c00000) (1024K)]
  0x00000142eb9fb9c0 JavaThread "External Process Output Forwarder - C:\Users\sangeetha\.cache\selenium\chromedriver\win64\127.0.6533.119\chromedriver.exe" daemon [_thread_in_native, id=150488, stack(0x0000004204200000,0x0000004204300000) (1024K)]
  0x00000142eb9fa610 JavaThread "Driver Service Executor"    daemon [_thread_blocked, id=144516, stack(0x0000004206600000,0x0000004206700000) (1024K)]
  0x00000142eb9fcd70 JavaThread "Driver Service Executor"    daemon [_thread_blocked, id=144832, stack(0x0000004206d00000,0x0000004206e00000) (1024K)]
  0x00000142eb9f7eb0 JavaThread "HttpClient-281-SelectorManager" daemon [_thread_in_native, id=67824, stack(0x0000004207f00000,0x0000004208000000) (1024K)]
  0x00000142eb9e08a0 JavaThread "External Process Output Forwarder - C:\Users\sangeetha\.cache\selenium\chromedriver\win64\127.0.6533.119\chromedriver.exe" daemon [_thread_in_native, id=145428, stack(0x0000004206700000,0x0000004206800000) (1024K)]
  0x00000142eb9e0f30 JavaThread "Driver Service Executor"    daemon [_thread_blocked, id=150076, stack(0x0000004206800000,0x0000004206900000) (1024K)]
  0x00000142eb9e4a40 JavaThread "Driver Service Executor"    daemon [_thread_blocked, id=15828, stack(0x0000004206e00000,0x0000004206f00000) (1024K)]
  0x00000142eb9e1c50 JavaThread "HttpClient-283-SelectorManager" daemon [_thread_in_native, id=149668, stack(0x0000004208400000,0x0000004208500000) (1024K)]
  0x00000142eb9dfb80 JavaThread "External Process Output Forwarder - C:\Users\sangeetha\.cache\selenium\chromedriver\win64\127.0.6533.119\chromedriver.exe" daemon [_thread_in_native, id=98972, stack(0x0000004206a00000,0x0000004206b00000) (1024K)]
  0x00000142eb9e0210 JavaThread "Driver Service Executor"    daemon [_thread_blocked, id=98976, stack(0x0000004207000000,0x0000004207100000) (1024K)]
  0x00000142eb9e3690 JavaThread "Driver Service Executor"    daemon [_thread_blocked, id=98992, stack(0x0000004207100000,0x0000004207200000) (1024K)]
  0x00000142eb9e3d20 JavaThread "HttpClient-285-SelectorManager" daemon [_thread_in_native, id=83616, stack(0x0000004208c00000,0x0000004208d00000) (1024K)]
  0x00000142eb9e5df0 JavaThread "External Process Output Forwarder - C:\Users\sangeetha\.cache\selenium\chromedriver\win64\127.0.6533.119\chromedriver.exe" daemon [_thread_in_native, id=150520, stack(0x0000004207a00000,0x0000004207b00000) (1024K)]
  0x00000142eb9e9900 JavaThread "Driver Service Executor"    daemon [_thread_blocked, id=145644, stack(0x0000004207e00000,0x0000004207f00000) (1024K)]
  0x00000142eb9e9f90 JavaThread "Driver Service Executor"    daemon [_thread_blocked, id=150300, stack(0x0000004208000000,0x0000004208100000) (1024K)]
  0x00000142eb9ea620 JavaThread "HttpClient-287-SelectorManager" daemon [_thread_in_native, id=149228, stack(0x0000004209000000,0x0000004209100000) (1024K)]
  0x00000142eb9e2970 JavaThread "External Process Output Forwarder - C:\Users\sangeetha\.cache\selenium\chromedriver\win64\127.0.6533.119\chromedriver.exe" daemon [_thread_in_native, id=149892, stack(0x0000004206300000,0x0000004206400000) (1024K)]
  0x00000142eb9dee60 JavaThread "Driver Service Executor"    daemon [_thread_blocked, id=149300, stack(0x0000004206f00000,0x0000004207000000) (1024K)]
  0x00000142eb9df4f0 JavaThread "Driver Service Executor"    daemon [_thread_blocked, id=88736, stack(0x0000004207800000,0x0000004207900000) (1024K)]
  0x00000142eb9ec6f0 JavaThread "HttpClient-289-SelectorManager" daemon [_thread_in_native, id=16864, stack(0x0000004208500000,0x0000004208600000) (1024K)]
  0x00000142eb9de140 JavaThread "External Process Output Forwarder - C:\Users\sangeetha\.cache\selenium\chromedriver\win64\127.0.6533.119\chromedriver.exe" daemon [_thread_in_native, id=55204, stack(0x0000004207c00000,0x0000004207d00000) (1024K)]
  0x00000142eb9e6b10 JavaThread "Driver Service Executor"    daemon [_thread_blocked, id=146412, stack(0x0000004207d00000,0x0000004207e00000) (1024K)]
  0x00000142eb9eb340 JavaThread "Driver Service Executor"    daemon [_thread_blocked, id=148548, stack(0x0000004208600000,0x0000004208700000) (1024K)]
  0x00000142eb9eb9d0 JavaThread "HttpClient-292-SelectorManager" daemon [_thread_in_native, id=52368, stack(0x0000004208900000,0x0000004208a00000) (1024K)]
  0x00000142eb9ec060 JavaThread "External Process Output Forwarder - C:\Users\sangeetha\.cache\selenium\chromedriver\win64\127.0.6533.119\chromedriver.exe" daemon [_thread_in_native, id=148312, stack(0x0000004208f00000,0x0000004209000000) (1024K)]
  0x00000142eb9ecd80 JavaThread "Driver Service Executor"    daemon [_thread_blocked, id=79732, stack(0x0000004209100000,0x0000004209200000) (1024K)]
  0x00000142eb9ed410 JavaThread "Driver Service Executor"    daemon [_thread_blocked, id=79088, stack(0x0000004209200000,0x0000004209300000) (1024K)]
  0x00000142eb9e7830 JavaThread "HttpClient-294-SelectorManager" daemon [_thread_in_native, id=144020, stack(0x0000004209600000,0x0000004209700000) (1024K)]
  0x00000142eb9de7d0 JavaThread "External Process Output Forwarder - C:\Users\sangeetha\.cache\selenium\chromedriver\win64\127.0.6533.119\chromedriver.exe" daemon [_thread_in_native, id=146932, stack(0x0000004207900000,0x0000004207a00000) (1024K)]
  0x00000142eb9f0200 JavaThread "Driver Service Executor"    daemon [_thread_blocked, id=79876, stack(0x0000004209300000,0x0000004209400000) (1024K)]
  0x00000142eb9efb70 JavaThread "Driver Service Executor"    daemon [_thread_blocked, id=60736, stack(0x0000004209b00000,0x0000004209c00000) (1024K)]
  0x00000142eb9f7820 JavaThread "HttpClient-296-SelectorManager" daemon [_thread_in_native, id=88516, stack(0x0000004209f00000,0x000000420a000000) (1024K)]
  0x00000142eb9edaa0 JavaThread "External Process Output Forwarder - C:\Users\sangeetha\.cache\selenium\chromedriver\win64\127.0.6533.119\chromedriver.exe" daemon [_thread_in_native, id=147764, stack(0x0000004209c00000,0x0000004209d00000) (1024K)]
  0x00000142eb9eacb0 JavaThread "Driver Service Executor"    daemon [_thread_blocked, id=76216, stack(0x000000420a300000,0x000000420a400000) (1024K)]
  0x00000142eb9f22d0 JavaThread "Driver Service Executor"    daemon [_thread_blocked, id=88384, stack(0x000000420a400000,0x000000420a500000) (1024K)]
  0x00000142eb9f3d10 JavaThread "HttpClient-298-SelectorManager" daemon [_thread_in_native, id=80584, stack(0x000000420a800000,0x000000420a900000) (1024K)]
  0x00000142eb9e43b0 JavaThread "External Process Output Forwarder - C:\Users\sangeetha\.cache\selenium\chromedriver\win64\127.0.6533.119\chromedriver.exe" daemon [_thread_in_native, id=3624, stack(0x0000004205e00000,0x0000004205f00000) (1024K)]
  0x00000142eb9e8be0 JavaThread "Driver Service Executor"    daemon [_thread_blocked, id=150676, stack(0x0000004208a00000,0x0000004208b00000) (1024K)]
  0x00000142eb9e9270 JavaThread "Driver Service Executor"    daemon [_thread_blocked, id=3472, stack(0x0000004208b00000,0x0000004208c00000) (1024K)]
  0x00000142eb9e6480 JavaThread "HttpClient-300-SelectorManager" daemon [_thread_in_native, id=37380, stack(0x0000004208700000,0x0000004208800000) (1024K)]
  0x00000142eb9e15c0 JavaThread "External Process Output Forwarder - C:\Users\sangeetha\.cache\selenium\chromedriver\win64\127.0.6533.119\chromedriver.exe" daemon [_thread_in_native, id=98112, stack(0x0000004208200000,0x0000004208300000) (1024K)]
  0x00000142eb9e50d0 JavaThread "Driver Service Executor"    daemon [_thread_blocked, id=51248, stack(0x0000004208300000,0x0000004208400000) (1024K)]
  0x00000142eb9e7ec0 JavaThread "Driver Service Executor"    daemon [_thread_blocked, id=82628, stack(0x0000004208800000,0x0000004208900000) (1024K)]
  0x00000142eb9f50c0 JavaThread "HttpClient-302-SelectorManager" daemon [_thread_in_native, id=151456, stack(0x0000004209800000,0x0000004209900000) (1024K)]
  0x00000142eb9ee7c0 JavaThread "External Process Output Forwarder - C:\Users\sangeetha\.cache\selenium\chromedriver\win64\127.0.6533.119\chromedriver.exe" daemon [_thread_in_native, id=82812, stack(0x0000004208e00000,0x0000004208f00000) (1024K)]
  0x00000142eb9eee50 JavaThread "Driver Service Executor"    daemon [_thread_blocked, id=71924, stack(0x000000420a000000,0x000000420a100000) (1024K)]
  0x00000142eb9ef4e0 JavaThread "Driver Service Executor"    daemon [_thread_blocked, id=77476, stack(0x000000420a100000,0x000000420a200000) (1024K)]
  0x00000142eb9f43a0 JavaThread "HttpClient-304-SelectorManager" daemon [_thread_in_native, id=80680, stack(0x000000420a700000,0x000000420a800000) (1024K)]
  0x00000142eb9e8550 JavaThread "External Process Output Forwarder - C:\Users\sangeetha\.cache\selenium\chromedriver\win64\127.0.6533.119\chromedriver.exe" daemon [_thread_in_native, id=88968, stack(0x000000420a200000,0x000000420a300000) (1024K)]
  0x00000142eb9f6b00 JavaThread "Driver Service Executor"    daemon [_thread_blocked, id=151624, stack(0x000000420ac00000,0x000000420ad00000) (1024K)]
  0x00000142eb9f7190 JavaThread "Driver Service Executor"    daemon [_thread_blocked, id=14948, stack(0x000000420ad00000,0x000000420ae00000) (1024K)]
  0x00000142eb9f8540 JavaThread "HttpClient-306-SelectorManager" daemon [_thread_in_native, id=9240, stack(0x000000420b100000,0x000000420b200000) (1024K)]
  0x00000142eb9f5750 JavaThread "External Process Output Forwarder - C:\Users\sangeetha\.cache\selenium\chromedriver\win64\127.0.6533.119\chromedriver.exe" daemon [_thread_in_native, id=37576, stack(0x0000004208100000,0x0000004208200000) (1024K)]
  0x00000142eb9f2960 JavaThread "Driver Service Executor"    daemon [_thread_blocked, id=151596, stack(0x0000004209900000,0x0000004209a00000) (1024K)]
  0x00000142eb9f0890 JavaThread "Driver Service Executor"    daemon [_thread_blocked, id=140968, stack(0x0000004209a00000,0x0000004209b00000) (1024K)]
  0x00000142ea931970 JavaThread "HttpClient-308-SelectorManager" daemon [_thread_in_native, id=152488, stack(0x000000420b700000,0x000000420b800000) (1024K)]
  0x00000142eb9ddab0 JavaThread "External Process Output Forwarder - C:\Users\sangeetha\.cache\selenium\chromedriver\win64\127.0.6533.119\chromedriver.exe" daemon [_thread_in_native, id=70976, stack(0x0000004209400000,0x0000004209500000) (1024K)]
  0x00000142eb9e22e0 JavaThread "Driver Service Executor"    daemon [_thread_blocked, id=130864, stack(0x0000004209500000,0x0000004209600000) (1024K)]
  0x00000142eb9e3000 JavaThread "Driver Service Executor"    daemon [_thread_blocked, id=150196, stack(0x0000004209d00000,0x0000004209e00000) (1024K)]
  0x00000142eb9faca0 JavaThread "HttpClient-310-SelectorManager" daemon [_thread_in_native, id=137420, stack(0x000000420bb00000,0x000000420bc00000) (1024K)]
  0x00000142eb9e71a0 JavaThread "External Process Output Forwarder - C:\Users\sangeetha\.cache\selenium\chromedriver\win64\127.0.6533.119\chromedriver.exe" daemon [_thread_in_native, id=28084, stack(0x0000004209e00000,0x0000004209f00000) (1024K)]
  0x00000142eb9f5de0 JavaThread "Driver Service Executor"    daemon [_thread_blocked, id=13456, stack(0x000000420a500000,0x000000420a600000) (1024K)]
  0x00000142eb9f2ff0 JavaThread "Driver Service Executor"    daemon [_thread_blocked, id=106404, stack(0x000000420c000000,0x000000420c100000) (1024K)]
  0x00000142eb9f15b0 JavaThread "HttpClient-312-SelectorManager" daemon [_thread_in_native, id=86872, stack(0x000000420a600000,0x000000420a700000) (1024K)]
  0x00000142eb9f9260 JavaThread "External Process Output Forwarder - C:\Users\sangeetha\.cache\selenium\chromedriver\win64\127.0.6533.119\chromedriver.exe" daemon [_thread_in_native, id=76680, stack(0x000000420af00000,0x000000420b000000) (1024K)]
  0x00000142eb9f98f0 JavaThread "Driver Service Executor"    daemon [_thread_blocked, id=68196, stack(0x000000420b000000,0x000000420b100000) (1024K)]
  0x00000142eb9f9f80 JavaThread "Driver Service Executor"    daemon [_thread_blocked, id=151792, stack(0x000000420b200000,0x000000420b300000) (1024K)]
  0x00000142ea93caa0 JavaThread "HttpClient-314-SelectorManager" daemon [_thread_in_native, id=150944, stack(0x000000420b800000,0x000000420b900000) (1024K)]
  0x00000142e931e150 JavaThread "External Process Output Forwarder - C:\Users\sangeetha\.cache\selenium\chromedriver\win64\127.0.6533.119\chromedriver.exe" daemon [_thread_in_native, id=99412, stack(0x000000420ae00000,0x000000420af00000) (1024K)]
  0x00000142e931e7e0 JavaThread "Driver Service Executor"    daemon [_thread_blocked, id=3420, stack(0x000000420b300000,0x000000420b400000) (1024K)]
  0x00000142ea93bd80 JavaThread "Driver Service Executor"    daemon [_thread_blocked, id=151160, stack(0x000000420b600000,0x000000420b700000) (1024K)]
  0x00000142e87631a0 JavaThread "HttpClient-316-SelectorManager" daemon [_thread_in_native, id=31092, stack(0x000000420be00000,0x000000420bf00000) (1024K)]
  0x00000142ebb28c20 JavaThread "External Process Output Forwarder - C:\Users\sangeetha\.cache\selenium\chromedriver\win64\127.0.6533.119\chromedriver.exe" daemon [_thread_in_native, id=147228, stack(0x000000420a900000,0x000000420aa00000) (1024K)]
  0x00000142ebb292b0 JavaThread "Driver Service Executor"    daemon [_thread_blocked, id=80964, stack(0x000000420aa00000,0x000000420ab00000) (1024K)]
  0x00000142ebb25110 JavaThread "Driver Service Executor"    daemon [_thread_blocked, id=80176, stack(0x000000420ab00000,0x000000420ac00000) (1024K)]
  0x00000142ebb23040 JavaThread "HttpClient-318-SelectorManager" daemon [_thread_in_native, id=151612, stack(0x000000420cb00000,0x000000420cc00000) (1024K)]
  0x00000142ebb2acf0 JavaThread "ForkJoinPool.commonPool-worker-50" daemon [_thread_blocked, id=129808, stack(0x0000004209700000,0x0000004209800000) (1024K)]
  0x00000142ebb27f00 JavaThread "External Process Output Forwarder - C:\Users\sangeetha\.cache\selenium\chromedriver\win64\127.0.6533.119\chromedriver.exe" daemon [_thread_in_native, id=78320, stack(0x0000004208d00000,0x0000004208e00000) (1024K)]
  0x00000142ebb236d0 JavaThread "Driver Service Executor"    daemon [_thread_blocked, id=146744, stack(0x000000420b400000,0x000000420b500000) (1024K)]
  0x00000142ebb27870 JavaThread "Driver Service Executor"    daemon [_thread_blocked, id=13400, stack(0x000000420b500000,0x000000420b600000) (1024K)]
  0x00000142ebb26b50 JavaThread "UrlChecker-18"              daemon [_thread_blocked, id=142516, stack(0x000000420b900000,0x000000420ba00000) (1024K)]
  0x00000142ebb257a0 JavaThread "HttpClient-320-SelectorManager" daemon [_thread_in_native, id=83344, stack(0x000000420c100000,0x000000420c200000) (1024K)]
  0x00000142ebb23d60 JavaThread "External Process Output Forwarder - C:\Users\sangeetha\.cache\selenium\chromedriver\win64\127.0.6533.119\chromedriver.exe" daemon [_thread_in_native, id=89440, stack(0x000000420ba00000,0x000000420bb00000) (1024K)]
  0x00000142ebb2c0a0 JavaThread "Driver Service Executor"    daemon [_thread_blocked, id=90176, stack(0x000000420c600000,0x000000420c700000) (1024K)]
  0x00000142ebb2c730 JavaThread "Driver Service Executor"    daemon [_thread_blocked, id=149364, stack(0x000000420c700000,0x000000420c800000) (1024K)]
  0x00000142ebb25e30 JavaThread "JdkHttpClient-320-0"        daemon [_thread_blocked, id=82468, stack(0x000000420c900000,0x000000420ca00000) (1024K)]
  0x00000142ebb336c0 JavaThread "JdkHttpClient-320-1"        daemon [_thread_blocked, id=147472, stack(0x000000420ca00000,0x000000420cb00000) (1024K)]
  0x00000142ebb2fbb0 JavaThread "HttpClient-322-SelectorManager" daemon [_thread_in_native, id=152764, stack(0x000000420cc00000,0x000000420cd00000) (1024K)]
  0x00000142ebb31c80 JavaThread "JdkHttpClient-320-2"        daemon [_thread_blocked, id=152776, stack(0x000000420d000000,0x000000420d100000) (1024K)]
  0x00000142ebb243f0 JavaThread "External Process Output Forwarder - C:\Users\sangeetha\.cache\selenium\chromedriver\win64\127.0.6533.119\chromedriver.exe" daemon [_thread_in_native, id=153008, stack(0x000000420bf00000,0x000000420c000000) (1024K)]
  0x00000142ebb29fd0 JavaThread "Driver Service Executor"    daemon [_thread_blocked, id=153012, stack(0x000000420c200000,0x000000420c300000) (1024K)]
  0x00000142ebb2a660 JavaThread "Driver Service Executor"    daemon [_thread_blocked, id=153016, stack(0x000000420c300000,0x000000420c400000) (1024K)]
  0x00000142ebb2cdc0 JavaThread "JdkHttpClient-322-0"        daemon [_thread_blocked, id=153088, stack(0x000000420c800000,0x000000420c900000) (1024K)]
  0x00000142ebb2d450 JavaThread "JdkHttpClient-322-1"        daemon [_thread_blocked, id=153092, stack(0x000000420ce00000,0x000000420cf00000) (1024K)]
  0x00000142ebb264c0 JavaThread "HttpClient-324-SelectorManager" daemon [_thread_in_native, id=153456, stack(0x000000420d100000,0x000000420d200000) (1024K)]
  0x00000142ebb33d50 JavaThread "JdkHttpClient-323-0"        daemon [_thread_blocked, id=153460, stack(0x000000420d200000,0x000000420d300000) (1024K)]
  0x00000142ebb308d0 JavaThread "JdkHttpClient-323-1"        daemon [_thread_blocked, id=153464, stack(0x000000420d300000,0x000000420d400000) (1024K)]
  0x00000142ebb30240 JavaThread "JdkHttpClient-323-2"        daemon [_thread_blocked, id=153468, stack(0x000000420d400000,0x000000420d500000) (1024K)]
  0x00000142ebb2dae0 JavaThread "JdkHttpClient-322-2"        daemon [_thread_blocked, id=153472, stack(0x000000420d500000,0x000000420d600000) (1024K)]
  0x00000142ebb2e170 JavaThread "External Process Output Forwarder - C:\Users\sangeetha\.cache\selenium\chromedriver\win64\127.0.6533.119\chromedriver.exe" daemon [_thread_in_native, id=4768, stack(0x000000420c400000,0x000000420c500000) (1024K)]
  0x00000142ebb2e800 JavaThread "Driver Service Executor"    daemon [_thread_blocked, id=147568, stack(0x000000420d600000,0x000000420d700000) (1024K)]
  0x00000142ebb2f520 JavaThread "Driver Service Executor"    daemon [_thread_blocked, id=152308, stack(0x000000420d700000,0x000000420d800000) (1024K)]
  0x00000142ebb34a70 JavaThread "JdkHttpClient-324-0"        daemon [_thread_blocked, id=74328, stack(0x000000420d900000,0x000000420da00000) (1024K)]
  0x00000142ebb35100 JavaThread "JdkHttpClient-324-1"        daemon [_thread_blocked, id=13584, stack(0x000000420da00000,0x000000420db00000) (1024K)]
  0x00000142ebb35790 JavaThread "HttpClient-326-SelectorManager" daemon [_thread_in_native, id=153628, stack(0x000000420db00000,0x000000420dc00000) (1024K)]
  0x00000142ebb35e20 JavaThread "JdkHttpClient-325-0"        daemon [_thread_blocked, id=153632, stack(0x000000420dc00000,0x000000420dd00000) (1024K)]
  0x00000142ebb364b0 JavaThread "JdkHttpClient-325-1"        daemon [_thread_blocked, id=153636, stack(0x000000420dd00000,0x000000420de00000) (1024K)]
  0x00000142ebb36b40 JavaThread "JdkHttpClient-325-2"        daemon [_thread_blocked, id=153640, stack(0x000000420de00000,0x000000420df00000) (1024K)]
  0x00000142ebb32310 JavaThread "JdkHttpClient-324-2"        daemon [_thread_blocked, id=153644, stack(0x000000420df00000,0x000000420e000000) (1024K)]
  0x00000142ebb28590 JavaThread "HttpClient-327-SelectorManager" daemon [_thread_in_native, id=153928, stack(0x000000420d800000,0x000000420d900000) (1024K)]
  0x00000142ebb33030 JavaThread "External Process Output Forwarder - C:\Users\sangeetha\.cache\selenium\chromedriver\win64\127.0.6533.119\chromedriver.exe" daemon [_thread_in_native, id=153940, stack(0x000000420e000000,0x000000420e100000) (1024K)]
  0x00000142ebb371d0 JavaThread "Driver Service Executor"    daemon [_thread_blocked, id=153944, stack(0x000000420e100000,0x000000420e200000) (1024K)]
  0x00000142ebb37860 JavaThread "Driver Service Executor"    daemon [_thread_in_native, id=153948, stack(0x000000420e200000,0x000000420e300000) (1024K)]
  0x00000142ebb37ef0 JavaThread "JdkHttpClient-326-0"        daemon [_thread_blocked, id=154016, stack(0x000000420e400000,0x000000420e500000) (1024K)]
  0x00000142ebb30f60 JavaThread "JdkHttpClient-326-1"        daemon [_thread_blocked, id=154020, stack(0x000000420e500000,0x000000420e600000) (1024K)]
  0x00000142ebb38580 JavaThread "HttpClient-328-SelectorManager" daemon [_thread_in_native, id=154388, stack(0x000000420e600000,0x000000420e700000) (1024K)]
  0x00000142ebb315f0 JavaThread "JdkHttpClient-327-0"        daemon [_thread_blocked, id=154392, stack(0x000000420e700000,0x000000420e800000) (1024K)]
  0x00000142ebb38c10 JavaThread "JdkHttpClient-327-1"        daemon [_thread_blocked, id=154396, stack(0x000000420e800000,0x000000420e900000) (1024K)]
  0x00000142ebb392a0 JavaThread "JdkHttpClient-327-2"        daemon [_thread_blocked, id=154400, stack(0x000000420e900000,0x000000420ea00000) (1024K)]
  0x00000142ebb39930 JavaThread "JdkHttpClient-326-2"        daemon [_thread_blocked, id=154404, stack(0x000000420ea00000,0x000000420eb00000) (1024K)]
  0x00000142ebb2ba10 JavaThread "Driver Service Executor"    daemon [_thread_blocked, id=144684, stack(0x000000420bc00000,0x000000420bd00000) (1024K)]
  0x00000142ebb271e0 JavaThread "Driver Service Executor"    daemon [_thread_blocked, id=147168, stack(0x000000420bd00000,0x000000420be00000) (1024K)]
  0x00000142ebb2ee90 JavaThread "Driver Service Executor"    daemon [_thread_blocked, id=112516, stack(0x000000420cd00000,0x000000420ce00000) (1024K)]
  0x00000142ebb329a0 JavaThread "Driver Service Executor"    daemon [_thread_blocked, id=148144, stack(0x000000420cf00000,0x000000420d000000) (1024K)]
  0x00000142ebb39fc0 JavaThread "UrlChecker-19"              daemon [_thread_blocked, id=92972, stack(0x000000420e300000,0x000000420e400000) (1024K)]
  0x00000142ebb24a80 JavaThread "Driver Service Executor"    daemon [_thread_blocked, id=153728, stack(0x000000420c500000,0x000000420c600000) (1024K)]
  0x00000142ebb3a650 JavaThread "Driver Service Executor"    daemon [_thread_blocked, id=153732, stack(0x000000420eb00000,0x000000420ec00000) (1024K)]
  0x00000142ebb3ace0 JavaThread "UrlChecker-20"              daemon [_thread_blocked, id=153736, stack(0x000000420ec00000,0x000000420ed00000) (1024K)]
  0x00000142ebb343e0 JavaThread "Driver Service Executor"    daemon [_thread_blocked, id=112496, stack(0x000000420ee00000,0x000000420ef00000) (1024K)]
  0x00000142ebb3ba00 JavaThread "Driver Service Executor"    daemon [_thread_blocked, id=16148, stack(0x000000420ef00000,0x000000420f000000) (1024K)]
  0x00000142ebb3c090 JavaThread "UrlChecker-21"              daemon [_thread_blocked, id=138640, stack(0x000000420f000000,0x000000420f100000) (1024K)]
  0x00000142ebb3b370 JavaThread "Driver Service Executor"    daemon [_thread_blocked, id=40160, stack(0x000000420ed00000,0x000000420ee00000) (1024K)]
  0x00000142ebb3c720 JavaThread "Driver Service Executor"    daemon [_thread_blocked, id=152464, stack(0x000000420f100000,0x000000420f200000) (1024K)]
  0x00000142ebb3cdb0 JavaThread "UrlChecker-22"              daemon [_thread_blocked, id=9060, stack(0x000000420f200000,0x000000420f300000) (1024K)]
  0x00000142ebb3d440 JavaThread "Driver Service Executor"    daemon [_thread_blocked, id=154312, stack(0x000000420f400000,0x000000420f500000) (1024K)]
  0x00000142ebb436b0 JavaThread "Driver Service Executor"    daemon [_thread_blocked, id=154316, stack(0x000000420f500000,0x000000420f600000) (1024K)]
  0x00000142ebb3ee80 JavaThread "UrlChecker-23"              daemon [_thread_blocked, id=154284, stack(0x000000420f600000,0x000000420f700000) (1024K)]
  0x00000142ebb2b380 JavaThread "HttpClient-335-SelectorManager" daemon [_thread_in_native, id=152992, stack(0x0000004200100000,0x0000004200200000) (1024K)]
  0x00000142ebb43d40 JavaThread "Driver Service Executor"    daemon [_thread_blocked, id=152816, stack(0x000000420f300000,0x000000420f400000) (1024K)]
  0x00000142ebb3e160 JavaThread "Driver Service Executor"    daemon [_thread_blocked, id=144956, stack(0x000000420f700000,0x000000420f800000) (1024K)]
  0x00000142ebb3f510 JavaThread "UrlChecker-24"              daemon [_thread_blocked, id=154520, stack(0x000000420f800000,0x000000420f900000) (1024K)]
Total: 710

Other Threads:
=>0x00000142a294a4d0 VMThread "VM Thread"                           [id=97572, stack(0x0000004261300000,0x0000004261400000) (1024K)]
  0x00000142ffeb0b40 WatcherThread "VM Periodic Task Thread"        [id=89476, stack(0x0000004261200000,0x0000004261300000) (1024K)]
  0x00000142ffcffb10 WorkerThread "GC Thread#0"                     [id=89256, stack(0x0000004260d00000,0x0000004260e00000) (1024K)]
  0x00000142a2949610 WorkerThread "GC Thread#1"                     [id=85240, stack(0x0000004262300000,0x0000004262400000) (1024K)]
  0x00000142a29499c0 WorkerThread "GC Thread#2"                     [id=95820, stack(0x0000004262400000,0x0000004262500000) (1024K)]
  0x00000142a2948eb0 WorkerThread "GC Thread#3"                     [id=91060, stack(0x0000004262500000,0x0000004262600000) (1024K)]
  0x00000142a2948b00 WorkerThread "GC Thread#4"                     [id=104036, stack(0x0000004262600000,0x0000004262700000) (1024K)]
  0x00000142a2949d70 WorkerThread "GC Thread#5"                     [id=104932, stack(0x0000004262700000,0x0000004262800000) (1024K)]
  0x00000142a2949260 WorkerThread "GC Thread#6"                     [id=97664, stack(0x0000004262800000,0x0000004262900000) (1024K)]
  0x00000142e8b85810 WorkerThread "GC Thread#7"                     [id=102072, stack(0x0000004262900000,0x0000004262a00000) (1024K)]
  0x00000142fc9a1e90 ConcurrentGCThread "G1 Main Marker"            [id=99896, stack(0x0000004260e00000,0x0000004260f00000) (1024K)]
  0x00000142fc9a41a0 WorkerThread "G1 Conc#0"                       [id=94620, stack(0x0000004260f00000,0x0000004261000000) (1024K)]
  0x00000142e8b87cf0 WorkerThread "G1 Conc#1"                       [id=97512, stack(0x0000004262a00000,0x0000004262b00000) (1024K)]
  0x00000142ffd72d40 ConcurrentGCThread "G1 Refine#0"               [id=108876, stack(0x0000004261000000,0x0000004261100000) (1024K)]
  0x00000142ffd73760 ConcurrentGCThread "G1 Service"                [id=96672, stack(0x0000004261100000,0x0000004261200000) (1024K)]
Total: 15

Threads with active compile tasks:
Total: 0

VM state: at safepoint (normal execution)

VM Mutex/Monitor currently owned by a thread:  ([mutex/lock_event])
[0x00007ffc4a9bcb80] Threads_lock - owner thread: 0x00000142a294a4d0
[0x00007ffc4a9bcc80] Heap_lock - owner thread: 0x00000142fc9a1e90

Heap address: 0x0000000602c00000, size: 8148 MB, Compressed Oops mode: Zero based, Oop shift amount: 3

CDS archive(s) mapped at: [0x00000142a3000000-0x00000142a3c60000-0x00000142a3c60000), size 12976128, SharedBaseAddress: 0x00000142a3000000, ArchiveRelocationMode: 1.
Compressed class space mapped at: 0x00000142a4000000-0x00000142e4000000, reserved size: 1073741824
Narrow klass base: 0x00000142a3000000, Narrow klass shift: 0, Narrow klass range: 0x41000000

GC Precious Log:
 CardTable entry size: 512
 Card Set container configuration: InlinePtr #cards 4 size 8 Array Of Cards #cards 32 size 80 Howl #buckets 8 coarsen threshold 7372 Howl Bitmap #cards 1024 size 144 coarsen threshold 921 Card regions per heap region 1 cards per card region 8192
 CPUs: 8 total, 8 available
 Memory: 32578M
 Large Page Support: Disabled
 NUMA Support: Disabled
 Compressed Oops: Enabled (Zero based)
 Heap Region Size: 4M
 Heap Min Capacity: 8M
 Heap Initial Capacity: 512M
 Heap Max Capacity: 8148M
 Pre-touch: Disabled
 Parallel Workers: 8
 Concurrent Workers: 2
 Concurrent Refinement Workers: 8
 Periodic GC: Disabled

Heap:
 garbage-first heap   total reserved 8343552K, committed 172032K, used 115788K [0x0000000602c00000, 0x0000000800000000)
  region size 4096K, 7 young (28672K), 2 survivors (8192K)
 Metaspace       used 65013K, committed 66560K, reserved 1114112K
  class space    used 7405K, committed 8128K, reserved 1048576K

Heap Regions: E=young(eden), S=young(survivor), O=old, HS=humongous(starts), HC=humongous(continues), CS=collection set, F=free, TAMS=top-at-mark-start, PB=parsable bottom
|   0|0x0000000602c00000, 0x0000000603000000, 0x0000000603000000|100%| O|  |TAMS 0x0000000603000000| PB 0x0000000603000000| Untracked |  0
|   1|0x0000000603000000, 0x0000000603400000, 0x0000000603400000|100%| O|  |TAMS 0x0000000603400000| PB 0x0000000603400000| Untracked |  0
|   2|0x0000000603400000, 0x0000000603800000, 0x0000000603800000|100%| O|  |TAMS 0x0000000603800000| PB 0x0000000603800000| Untracked |  0
|   3|0x0000000603800000, 0x0000000603c00000, 0x0000000603c00000|100%| O|  |TAMS 0x0000000603c00000| PB 0x0000000603c00000| Untracked |  0
|   4|0x0000000603c00000, 0x0000000604000000, 0x0000000604000000|100%| O|  |TAMS 0x0000000604000000| PB 0x0000000604000000| Untracked |  0
|   5|0x0000000604000000, 0x0000000604400000, 0x0000000604400000|100%| O|  |TAMS 0x0000000604400000| PB 0x0000000604400000| Untracked |  0
|   6|0x0000000604400000, 0x0000000604800000, 0x0000000604800000|100%| O|  |TAMS 0x0000000604800000| PB 0x0000000604800000| Untracked |  0
|   7|0x0000000604800000, 0x0000000604c00000, 0x0000000604c00000|100%| O|  |TAMS 0x0000000604c00000| PB 0x0000000604c00000| Untracked |  0
|   8|0x0000000604c00000, 0x0000000605000000, 0x0000000605000000|100%| O|  |TAMS 0x0000000605000000| PB 0x0000000605000000| Untracked |  0
|   9|0x0000000605000000, 0x0000000605400000, 0x0000000605400000|100%| O|  |TAMS 0x0000000605400000| PB 0x0000000605400000| Untracked |  0
|  10|0x0000000605400000, 0x0000000605800000, 0x0000000605800000|100%| O|  |TAMS 0x0000000605800000| PB 0x0000000605800000| Untracked |  0
|  11|0x0000000605800000, 0x0000000605c00000, 0x0000000605c00000|100%| O|  |TAMS 0x0000000605c00000| PB 0x0000000605c00000| Untracked |  0
|  12|0x0000000605c00000, 0x0000000606000000, 0x0000000606000000|100%| O|  |TAMS 0x0000000606000000| PB 0x0000000606000000| Untracked |  0
|  13|0x0000000606000000, 0x0000000606400000, 0x0000000606400000|100%| O|  |TAMS 0x0000000606400000| PB 0x0000000606400000| Untracked |  0
|  14|0x0000000606400000, 0x0000000606800000, 0x0000000606800000|100%| O|  |TAMS 0x0000000606800000| PB 0x0000000606800000| Untracked |  0
|  15|0x0000000606800000, 0x0000000606c00000, 0x0000000606c00000|100%| O|  |TAMS 0x0000000606c00000| PB 0x0000000606c00000| Untracked |  0
|  16|0x0000000606c00000, 0x0000000607000000, 0x0000000607000000|100%| O|  |TAMS 0x0000000607000000| PB 0x0000000607000000| Untracked |  0
|  17|0x0000000607000000, 0x0000000607400000, 0x0000000607400000|100%| O|  |TAMS 0x0000000607400000| PB 0x0000000607400000| Untracked |  0
|  18|0x0000000607400000, 0x0000000607800000, 0x0000000607800000|100%| O|  |TAMS 0x0000000607800000| PB 0x0000000607800000| Untracked |  0
|  19|0x0000000607800000, 0x0000000607c00000, 0x0000000607c00000|100%| O|  |TAMS 0x0000000607c00000| PB 0x0000000607c00000| Untracked |  0
|  20|0x0000000607c00000, 0x0000000608000000, 0x0000000608000000|100%| O|  |TAMS 0x0000000608000000| PB 0x0000000608000000| Untracked |  0
|  21|0x0000000608000000, 0x0000000608400000, 0x0000000608400000|100%| O|  |TAMS 0x0000000608400000| PB 0x0000000608400000| Untracked |  0
|  22|0x0000000608400000, 0x0000000608800000, 0x0000000608800000|100%| O|  |TAMS 0x0000000608800000| PB 0x0000000608800000| Untracked |  0
|  23|0x0000000608800000, 0x0000000608855030, 0x0000000608c00000|  8%| O|  |TAMS 0x0000000608855030| PB 0x0000000608855030| Updating |  0
|  24|0x0000000608c00000, 0x0000000608c00000, 0x0000000609000000|  0%| F|  |TAMS 0x0000000608c00000| PB 0x0000000608c00000| Untracked |  0
|  25|0x0000000609000000, 0x0000000609000000, 0x0000000609400000|  0%| F|  |TAMS 0x0000000609000000| PB 0x0000000609000000| Untracked |  0
|  26|0x0000000609400000, 0x0000000609400000, 0x0000000609800000|  0%| F|  |TAMS 0x0000000609400000| PB 0x0000000609400000| Untracked |  0
|  27|0x0000000609800000, 0x0000000609800000, 0x0000000609c00000|  0%| F|  |TAMS 0x0000000609800000| PB 0x0000000609800000| Untracked |  0
|  28|0x0000000609c00000, 0x0000000609c00000, 0x000000060a000000|  0%| F|  |TAMS 0x0000000609c00000| PB 0x0000000609c00000| Untracked |  0
|  29|0x000000060a000000, 0x000000060a0be2e0, 0x000000060a400000| 18%| S|CS|TAMS 0x000000060a000000| PB 0x000000060a000000| Complete |  0
|  30|0x000000060a400000, 0x000000060a800000, 0x000000060a800000|100%| S|CS|TAMS 0x000000060a400000| PB 0x000000060a400000| Complete |  0
|  31|0x000000060a800000, 0x000000060a800000, 0x000000060ac00000|  0%| F|  |TAMS 0x000000060a800000| PB 0x000000060a800000| Untracked |  0
|  32|0x000000060ac00000, 0x000000060ac00000, 0x000000060b000000|  0%| F|  |TAMS 0x000000060ac00000| PB 0x000000060ac00000| Untracked |  0
|  33|0x000000060b000000, 0x000000060b000000, 0x000000060b400000|  0%| F|  |TAMS 0x000000060b000000| PB 0x000000060b000000| Untracked |  0
|  34|0x000000060b400000, 0x000000060b400000, 0x000000060b800000|  0%| F|  |TAMS 0x000000060b400000| PB 0x000000060b400000| Untracked |  0
|  35|0x000000060b800000, 0x000000060b800000, 0x000000060bc00000|  0%| F|  |TAMS 0x000000060b800000| PB 0x000000060b800000| Untracked |  0
|  36|0x000000060bc00000, 0x000000060bc00000, 0x000000060c000000|  0%| F|  |TAMS 0x000000060bc00000| PB 0x000000060bc00000| Untracked |  0
|  37|0x000000060c000000, 0x000000060c1b10e0, 0x000000060c400000| 42%| E|  |TAMS 0x000000060c000000| PB 0x000000060c000000| Complete |  0
|  38|0x000000060c400000, 0x000000060c800000, 0x000000060c800000|100%| E|CS|TAMS 0x000000060c400000| PB 0x000000060c400000| Complete |  0
|  39|0x000000060c800000, 0x000000060cc00000, 0x000000060cc00000|100%| E|CS|TAMS 0x000000060c800000| PB 0x000000060c800000| Complete |  0
|  40|0x000000060cc00000, 0x000000060d000000, 0x000000060d000000|100%| E|CS|TAMS 0x000000060cc00000| PB 0x000000060cc00000| Complete |  0
| 127|0x0000000622800000, 0x0000000622c00000, 0x0000000622c00000|100%| E|CS|TAMS 0x0000000622800000| PB 0x0000000622800000| Complete |  0

Card table byte_map: [0x0000014297290000,0x0000014298280000] _byte_map_base: 0x000001429427a000

Marking Bits: (CMBitMap*) 0x00000142ffd000c0
 Bits: [0x0000014298280000, 0x00000142a01d0000)

Polling page: 0x00000142fc9d0000

Metaspace:

Usage:
  Non-class:     56.26 MB used.
      Class:      7.23 MB used.
       Both:     63.49 MB used.

Virtual space:
  Non-class space:       64.00 MB reserved,      57.06 MB ( 89%) committed,  1 nodes.
      Class space:        1.00 GB reserved,       7.94 MB ( <1%) committed,  1 nodes.
             Both:        1.06 GB reserved,      65.00 MB (  6%) committed. 

Chunk freelists:
   Non-Class:  6.66 MB
       Class:  7.91 MB
        Both:  14.58 MB

MaxMetaspaceSize: unlimited
CompressedClassSpaceSize: 1.00 GB
Initial GC threshold: 21.00 MB
Current GC threshold: 108.25 MB
CDS: on
 - commit_granule_bytes: 65536.
 - commit_granule_words: 8192.
 - virtual_space_node_default_size: 8388608.
 - enlarge_chunks_in_place: 1.
 - use_allocation_guard: 0.


Internal statistics:

num_allocs_failed_limit: 12.
num_arena_births: 2344.
num_arena_deaths: 318.
num_vsnodes_births: 2.
num_vsnodes_deaths: 0.
num_space_committed: 1041.
num_space_uncommitted: 1.
num_chunks_returned_to_freelist: 371.
num_chunks_taken_from_freelist: 5166.
num_chunk_merges: 106.
num_chunk_splits: 3090.
num_chunks_enlarged: 1723.
num_inconsistent_stats: 0.

CodeHeap 'non-profiled nmethods': size=120000Kb used=13079Kb max_used=13081Kb free=106920Kb
 bounds [0x000001428fd60000, 0x0000014290a30000, 0x0000014297290000]
CodeHeap 'profiled nmethods': size=120000Kb used=21047Kb max_used=28337Kb free=98953Kb
 bounds [0x0000014288290000, 0x0000014289e40000, 0x000001428f7c0000]
CodeHeap 'non-nmethods': size=5760Kb used=2889Kb max_used=2974Kb free=2870Kb
 bounds [0x000001428f7c0000, 0x000001428fac0000, 0x000001428fd60000]
 total_blobs=11978 nmethods=11011 adapters=871
 compilation: enabled
              stopped_count=0, restarted_count=0
 full_count=0

Compilation events (20 events):
Event: 5305.130 Thread 0x00000142a2983e40 24219       3       org.picocontainer.lifecycle.DefaultLifecycleState::<init> (11 bytes)
Event: 5305.130 Thread 0x00000142a2983e40 nmethod 24219 0x0000014288983010 code [0x00000142889831c0, 0x0000014288983398]
Event: 5305.130 Thread 0x00000142a2983e40 24220       3       org.picocontainer.injectors.ConstructorInjector$ResolverKey::equals (144 bytes)
Event: 5305.130 Thread 0x00000142a2983e40 nmethod 24220 0x0000014289626190 code [0x00000142896263e0, 0x0000014289626ce0]
Event: 5305.178 Thread 0x00000142a2983130 24221   !   4       io.cucumber.messages.internal.com.fasterxml.jackson.databind.ser.impl.IndexedListSerializer::serializeContents (188 bytes)
Event: 5305.187 Thread 0x00000142a2983130 nmethod 24221 0x0000014290a21610 code [0x0000014290a21880, 0x0000014290a222d8]
Event: 5305.187 Thread 0x00000142a2983130 24222       4       io.cucumber.messages.internal.com.fasterxml.jackson.databind.ser.impl.IndexedListSerializer::serialize (11 bytes)
Event: 5305.216 Thread 0x00000142a2983e40 24224       3       org.openqa.selenium.WebDriverException::createMessage (96 bytes)
Event: 5305.218 Thread 0x00000142a2983e40 nmethod 24224 0x0000014289dcb610 code [0x0000014289dcb9c0, 0x0000014289dcd900]
Event: 5305.220 Thread 0x00000142a2983130 nmethod 24222 0x0000014290a22a90 code [0x0000014290a22dc0, 0x0000014290a24800]
Event: 5305.220 Thread 0x00000142a2983130 24223       4       java.lang.invoke.LambdaForm$MH/0x00000142a4425400::invoke (78 bytes)
Event: 5305.223 Thread 0x00000142a2983130 nmethod 24223 0x0000014290a25710 code [0x0000014290a25900, 0x0000014290a25ca8]
Event: 5305.259 Thread 0x00000142a2983130 24225       4       java.util.concurrent.ConcurrentSkipListMap::navigableKeySet (25 bytes)
Event: 5305.260 Thread 0x00000142a2983130 nmethod 24225 0x0000014290a26010 code [0x0000014290a261a0, 0x0000014290a263a0]
Event: 5305.305 Thread 0x00000142a2983130 24226       4       java.io.StringWriter::close (1 bytes)
Event: 5305.305 Thread 0x00000142a2983130 nmethod 24226 0x0000014290a26490 code [0x0000014290a26600, 0x0000014290a26688]
Event: 5305.308 Thread 0x00000142a2983e40 24227       3       java.util.Locale::getCompatibilityExtensions (93 bytes)
Event: 5305.308 Thread 0x00000142a2983e40 nmethod 24227 0x00000142895db810 code [0x00000142895dba60, 0x00000142895dc190]
Event: 5305.313 Thread 0x00000142a2983e40 24228       3       sun.net.www.ParseUtil::createURI (32 bytes)
Event: 5305.314 Thread 0x00000142a2983e40 nmethod 24228 0x0000014288fa3590 code [0x0000014288fa3780, 0x0000014288fa3d28]

GC Heap History (20 events):
Event: 5095.763 GC heap before
{Heap before GC invocations=247 (full 0):
 garbage-first heap   total reserved 8343552K, committed 172032K, used 148891K [0x0000000602c00000, 0x0000000800000000)
  region size 4096K, 15 young (61440K), 1 survivors (4096K)
 Metaspace       used 64890K, committed 66432K, reserved 1114112K
  class space    used 7404K, committed 8128K, reserved 1048576K
}
Event: 5095.767 GC heap after
{Heap after GC invocations=248 (full 0):
 garbage-first heap   total reserved 8343552K, committed 172032K, used 96584K [0x0000000602c00000, 0x0000000800000000)
  region size 4096K, 2 young (8192K), 2 survivors (8192K)
 Metaspace       used 64890K, committed 66432K, reserved 1114112K
  class space    used 7404K, committed 8128K, reserved 1048576K
}
Event: 5128.266 GC heap before
{Heap before GC invocations=248 (full 0):
 garbage-first heap   total reserved 8343552K, committed 172032K, used 141640K [0x0000000602c00000, 0x0000000800000000)
  region size 4096K, 14 young (57344K), 2 survivors (8192K)
 Metaspace       used 64916K, committed 66432K, reserved 1114112K
  class space    used 7405K, committed 8128K, reserved 1048576K
}
Event: 5128.271 GC heap after
{Heap after GC invocations=249 (full 0):
 garbage-first heap   total reserved 8343552K, committed 172032K, used 96231K [0x0000000602c00000, 0x0000000800000000)
  region size 4096K, 1 young (4096K), 1 survivors (4096K)
 Metaspace       used 64916K, committed 66432K, reserved 1114112K
  class space    used 7405K, committed 8128K, reserved 1048576K
}
Event: 5173.922 GC heap before
{Heap before GC invocations=250 (full 0):
 garbage-first heap   total reserved 8343552K, committed 172032K, used 149479K [0x0000000602c00000, 0x0000000800000000)
  region size 4096K, 15 young (61440K), 1 survivors (4096K)
 Metaspace       used 64953K, committed 66496K, reserved 1114112K
  class space    used 7406K, committed 8128K, reserved 1048576K
}
Event: 5173.928 GC heap after
{Heap after GC invocations=251 (full 0):
 garbage-first heap   total reserved 8343552K, committed 172032K, used 97546K [0x0000000602c00000, 0x0000000800000000)
  region size 4096K, 2 young (8192K), 2 survivors (8192K)
 Metaspace       used 64953K, committed 66496K, reserved 1114112K
  class space    used 7406K, committed 8128K, reserved 1048576K
}
Event: 5208.320 GC heap before
{Heap before GC invocations=251 (full 0):
 garbage-first heap   total reserved 8343552K, committed 172032K, used 142602K [0x0000000602c00000, 0x0000000800000000)
  region size 4096K, 14 young (57344K), 2 survivors (8192K)
 Metaspace       used 64969K, committed 66496K, reserved 1114112K
  class space    used 7407K, committed 8128K, reserved 1048576K
}
Event: 5208.324 GC heap after
{Heap after GC invocations=252 (full 0):
 garbage-first heap   total reserved 8343552K, committed 172032K, used 97434K [0x0000000602c00000, 0x0000000800000000)
  region size 4096K, 2 young (8192K), 2 survivors (8192K)
 Metaspace       used 64969K, committed 66496K, reserved 1114112K
  class space    used 7407K, committed 8128K, reserved 1048576K
}
Event: 5242.280 GC heap before
{Heap before GC invocations=253 (full 0):
 garbage-first heap   total reserved 8343552K, committed 172032K, used 146586K [0x0000000602c00000, 0x0000000800000000)
  region size 4096K, 14 young (57344K), 2 survivors (8192K)
 Metaspace       used 64979K, committed 66496K, reserved 1114112K
  class space    used 7408K, committed 8128K, reserved 1048576K
}
Event: 5242.285 GC heap after
{Heap after GC invocations=254 (full 0):
 garbage-first heap   total reserved 8343552K, committed 172032K, used 97803K [0x0000000602c00000, 0x0000000800000000)
  region size 4096K, 2 young (8192K), 2 survivors (8192K)
 Metaspace       used 64979K, committed 66496K, reserved 1114112K
  class space    used 7408K, committed 8128K, reserved 1048576K
}
Event: 5274.351 GC heap before
{Heap before GC invocations=254 (full 0):
 garbage-first heap   total reserved 8343552K, committed 172032K, used 146955K [0x0000000602c00000, 0x0000000800000000)
  region size 4096K, 14 young (57344K), 2 survivors (8192K)
 Metaspace       used 64995K, committed 66496K, reserved 1114112K
  class space    used 7409K, committed 8128K, reserved 1048576K
}
Event: 5274.356 GC heap after
{Heap after GC invocations=255 (full 0):
 garbage-first heap   total reserved 8343552K, committed 172032K, used 97526K [0x0000000602c00000, 0x0000000800000000)
  region size 4096K, 1 young (4096K), 1 survivors (4096K)
 Metaspace       used 64995K, committed 66496K, reserved 1114112K
  class space    used 7409K, committed 8128K, reserved 1048576K
}
Event: 5294.439 GC heap before
{Heap before GC invocations=256 (full 0):
 garbage-first heap   total reserved 8343552K, committed 172032K, used 154870K [0x0000000602c00000, 0x0000000800000000)
  region size 4096K, 15 young (61440K), 1 survivors (4096K)
 Metaspace       used 64990K, committed 66496K, reserved 1114112K
  class space    used 7408K, committed 8128K, reserved 1048576K
}
Event: 5294.447 GC heap after
{Heap after GC invocations=257 (full 0):
 garbage-first heap   total reserved 8343552K, committed 172032K, used 99114K [0x0000000602c00000, 0x0000000800000000)
  region size 4096K, 2 young (8192K), 2 survivors (8192K)
 Metaspace       used 64990K, committed 66496K, reserved 1114112K
  class space    used 7408K, committed 8128K, reserved 1048576K
}
Event: 5304.871 GC heap before
{Heap before GC invocations=257 (full 0):
 garbage-first heap   total reserved 8343552K, committed 172032K, used 148266K [0x0000000602c00000, 0x0000000800000000)
  region size 4096K, 14 young (57344K), 2 survivors (8192K)
 Metaspace       used 65022K, committed 66560K, reserved 1114112K
  class space    used 7408K, committed 8128K, reserved 1048576K
}
Event: 5304.876 GC heap after
{Heap after GC invocations=258 (full 0):
 garbage-first heap   total reserved 8343552K, committed 172032K, used 98316K [0x0000000602c00000, 0x0000000800000000)
  region size 4096K, 1 young (4096K), 1 survivors (4096K)
 Metaspace       used 65022K, committed 66560K, reserved 1114112K
  class space    used 7408K, committed 8128K, reserved 1048576K
}
Event: 5305.080 GC heap before
{Heap before GC invocations=259 (full 0):
 garbage-first heap   total reserved 8343552K, committed 172032K, used 151564K [0x0000000602c00000, 0x0000000800000000)
  region size 4096K, 14 young (57344K), 1 survivors (4096K)
 Metaspace       used 65021K, committed 66560K, reserved 1114112K
  class space    used 7407K, committed 8128K, reserved 1048576K
}
Event: 5305.084 GC heap after
{Heap after GC invocations=260 (full 0):
 garbage-first heap   total reserved 8343552K, committed 172032K, used 98816K [0x0000000602c00000, 0x0000000800000000)
  region size 4096K, 2 young (8192K), 2 survivors (8192K)
 Metaspace       used 65021K, committed 66560K, reserved 1114112K
  class space    used 7407K, committed 8128K, reserved 1048576K
}
Event: 5305.254 GC heap before
{Heap before GC invocations=260 (full 0):
 garbage-first heap   total reserved 8343552K, committed 172032K, used 143872K [0x0000000602c00000, 0x0000000800000000)
  region size 4096K, 13 young (53248K), 2 survivors (8192K)
 Metaspace       used 65026K, committed 66560K, reserved 1114112K
  class space    used 7407K, committed 8128K, reserved 1048576K
}
Event: 5305.259 GC heap after
{Heap after GC invocations=261 (full 0):
 garbage-first heap   total reserved 8343552K, committed 172032K, used 99404K [0x0000000602c00000, 0x0000000800000000)
  region size 4096K, 2 young (8192K), 2 survivors (8192K)
 Metaspace       used 65026K, committed 66560K, reserved 1114112K
  class space    used 7407K, committed 8128K, reserved 1048576K
}

Dll operation events (12 events):
Event: 0.010 Loaded shared library C:\Users\sangeetha\Downloads\jdk-22.0.2_windows-x64_bin\jdk-22.0.2\bin\java.dll
Event: 0.038 Loaded shared library C:\Users\sangeetha\Downloads\jdk-22.0.2_windows-x64_bin\jdk-22.0.2\bin\jsvml.dll
Event: 0.157 Loaded shared library C:\Users\sangeetha\Downloads\jdk-22.0.2_windows-x64_bin\jdk-22.0.2\bin\zip.dll
Event: 0.160 Loaded shared library C:\Users\sangeetha\Downloads\jdk-22.0.2_windows-x64_bin\jdk-22.0.2\bin\instrument.dll
Event: 0.163 Loaded shared library C:\Users\sangeetha\Downloads\jdk-22.0.2_windows-x64_bin\jdk-22.0.2\bin\net.dll
Event: 0.165 Loaded shared library C:\Users\sangeetha\Downloads\jdk-22.0.2_windows-x64_bin\jdk-22.0.2\bin\nio.dll
Event: 0.168 Loaded shared library C:\Users\sangeetha\Downloads\jdk-22.0.2_windows-x64_bin\jdk-22.0.2\bin\zip.dll
Event: 0.177 Loaded shared library C:\Program Files\JetBrains\IntelliJ IDEA Community Edition 2024.2.0.2\bin\breakgen64.dll
Event: 0.185 Loaded shared library C:\Users\sangeetha\Downloads\jdk-22.0.2_windows-x64_bin\jdk-22.0.2\bin\extnet.dll
Event: 0.274 Loaded shared library C:\Users\sangeetha\Downloads\jdk-22.0.2_windows-x64_bin\jdk-22.0.2\bin\jimage.dll
Event: 1.158 Loaded shared library C:\Users\sangeetha\Downloads\jdk-22.0.2_windows-x64_bin\jdk-22.0.2\bin\verify.dll
Event: 6.179 Loaded shared library C:\Users\sangeetha\Downloads\jdk-22.0.2_windows-x64_bin\jdk-22.0.2\bin\sunmscapi.dll

Deoptimization events (20 events):
Event: 5153.510 Thread 0x00000142fc928fb0 DEOPT PACKING pc=0x0000014290586298 sp=0x0000004260cfd5c0
Event: 5153.510 Thread 0x00000142fc928fb0 DEOPT UNPACKING pc=0x000001428f8146a2 sp=0x0000004260cfd520 mode 2
Event: 5208.207 Thread 0x00000142fc928fb0 Uncommon trap: trap_request=0xffffffde fr.pc=0x0000014290586298 relative=0x0000000000000db8
Event: 5208.207 Thread 0x00000142fc928fb0 Uncommon trap: reason=class_check action=maybe_recompile pc=0x0000014290586298 method=org.openqa.selenium.remote.ElementLocation.findElement(Lorg/openqa/selenium/remote/RemoteWebDriver;Lorg/openqa/selenium/SearchContext;Ljava/util/function/BiFunction;Lorg
Event: 5208.207 Thread 0x00000142fc928fb0 DEOPT PACKING pc=0x0000014290586298 sp=0x0000004260cfd5c0
Event: 5208.207 Thread 0x00000142fc928fb0 DEOPT UNPACKING pc=0x000001428f8146a2 sp=0x0000004260cfd520 mode 2
Event: 5257.853 Thread 0x00000142fc928fb0 DEOPT PACKING pc=0x0000014288fa3b62 sp=0x0000004260cfe2c0
Event: 5257.853 Thread 0x00000142fc928fb0 DEOPT UNPACKING pc=0x000001428f814e42 sp=0x0000004260cfd7e8 mode 0
Event: 5304.781 Thread 0x00000142ebb2b380 Uncommon trap: trap_request=0xffffffde fr.pc=0x0000014290275174 relative=0x0000000000000174
Event: 5304.781 Thread 0x00000142ebb2b380 Uncommon trap: reason=class_check action=maybe_recompile pc=0x0000014290275174 method=java.lang.invoke.LambdaForm$MH/0x00000142a4425400.invoke(Ljava/lang/Object;J)Ljava/lang/Object; @ 28 c2
Event: 5304.781 Thread 0x00000142ebb2b380 DEOPT PACKING pc=0x0000014290275174 sp=0x00000042005ff3e0
Event: 5304.781 Thread 0x00000142ebb2b380 DEOPT UNPACKING pc=0x000001428f8146a2 sp=0x00000042005ff330 mode 2
Event: 5304.876 Thread 0x00000142ebb29940 Uncommon trap: trap_request=0xffffff45 fr.pc=0x000001429046613c relative=0x00000000000006dc
Event: 5304.876 Thread 0x00000142ebb29940 Uncommon trap: reason=unstable_if action=reinterpret pc=0x000001429046613c method=java.util.concurrent.ConcurrentSkipListMap$Iter.advance(Ljava/util/concurrent/ConcurrentSkipListMap$Node;)V @ 10 c2
Event: 5304.876 Thread 0x00000142ebb29940 DEOPT PACKING pc=0x000001429046613c sp=0x00000042001ff310
Event: 5304.876 Thread 0x00000142ebb29940 DEOPT UNPACKING pc=0x000001428f8146a2 sp=0x00000042001ff128 mode 2
Event: 5304.876 Thread 0x00000142ebb2b380 Uncommon trap: trap_request=0xffffff45 fr.pc=0x000001429039dc40 relative=0x00000000000003a0
Event: 5304.876 Thread 0x00000142ebb2b380 Uncommon trap: reason=unstable_if action=reinterpret pc=0x000001429039dc40 method=java.util.concurrent.ConcurrentSkipListMap$Iter.advance(Ljava/util/concurrent/ConcurrentSkipListMap$Node;)V @ 10 c2
Event: 5304.876 Thread 0x00000142ebb2b380 DEOPT PACKING pc=0x000001429039dc40 sp=0x00000042005fea80
Event: 5304.876 Thread 0x00000142ebb2b380 DEOPT UNPACKING pc=0x000001428f8146a2 sp=0x00000042005fea20 mode 2

Classes loaded (20 events):
Event: 5246.607 Loading class java/io/restAssuredJsonRootObject$RESPONSE_BODY
Event: 5246.607 Loading class java/io/restAssuredJsonRootObject$RESPONSE_BODY done
Event: 5246.607 Loading class java/net/restAssuredJsonRootObject$RESPONSE_BODY
Event: 5246.607 Loading class java/net/restAssuredJsonRootObject$RESPONSE_BODY done
Event: 5263.013 Loading class java/lang/restAssuredJsonRootObject$RESPONSE_BODY
Event: 5263.013 Loading class java/lang/restAssuredJsonRootObject$RESPONSE_BODY done
Event: 5263.013 Loading class java/util/restAssuredJsonRootObject$RESPONSE_BODY
Event: 5263.013 Loading class java/util/restAssuredJsonRootObject$RESPONSE_BODY done
Event: 5263.013 Loading class java/io/restAssuredJsonRootObject$RESPONSE_BODY
Event: 5263.013 Loading class java/io/restAssuredJsonRootObject$RESPONSE_BODY done
Event: 5263.014 Loading class java/net/restAssuredJsonRootObject$RESPONSE_BODY
Event: 5263.014 Loading class java/net/restAssuredJsonRootObject$RESPONSE_BODY done
Event: 5279.517 Loading class java/lang/restAssuredJsonRootObject$RESPONSE_BODY
Event: 5279.517 Loading class java/lang/restAssuredJsonRootObject$RESPONSE_BODY done
Event: 5279.517 Loading class java/util/restAssuredJsonRootObject$RESPONSE_BODY
Event: 5279.517 Loading class java/util/restAssuredJsonRootObject$RESPONSE_BODY done
Event: 5279.517 Loading class java/io/restAssuredJsonRootObject$RESPONSE_BODY
Event: 5279.517 Loading class java/io/restAssuredJsonRootObject$RESPONSE_BODY done
Event: 5279.517 Loading class java/net/restAssuredJsonRootObject$RESPONSE_BODY
Event: 5279.517 Loading class java/net/restAssuredJsonRootObject$RESPONSE_BODY done

Classes unloaded (20 events):
Event: 4932.221 Thread 0x00000142a294a4d0 Unloading class 0x00000142a4809000 'Script1'
Event: 4932.221 Thread 0x00000142a294a4d0 Unloading class 0x00000142a4808800 'Script1'
Event: 4932.221 Thread 0x00000142a294a4d0 Unloading class 0x00000142a4808000 'Script1'
Event: 4932.221 Thread 0x00000142a294a4d0 Unloading class 0x00000142a4807800 'Script1'
Event: 5028.822 Thread 0x00000142a294a4d0 Unloading class 0x00000142a480c000 'Script1'
Event: 5028.822 Thread 0x00000142a294a4d0 Unloading class 0x00000142a480b800 'Script1'
Event: 5028.822 Thread 0x00000142a294a4d0 Unloading class 0x00000142a480b000 'Script1'
Event: 5028.822 Thread 0x00000142a294a4d0 Unloading class 0x00000142a480a800 'Script1'
Event: 5075.077 Thread 0x00000142a294a4d0 Unloading class 0x00000142a480e000 'Script1'
Event: 5075.077 Thread 0x00000142a294a4d0 Unloading class 0x00000142a480d800 'Script1'
Event: 5075.077 Thread 0x00000142a294a4d0 Unloading class 0x00000142a480d000 'Script1'
Event: 5075.077 Thread 0x00000142a294a4d0 Unloading class 0x00000142a480c800 'Script1'
Event: 5208.403 Thread 0x00000142a294a4d0 Unloading class 0x00000142a4815800 'Script1'
Event: 5274.433 Thread 0x00000142a294a4d0 Unloading class 0x00000142a4808000 'Script1'
Event: 5274.433 Thread 0x00000142a294a4d0 Unloading class 0x00000142a4807800 'Script1'
Event: 5274.433 Thread 0x00000142a294a4d0 Unloading class 0x00000142a480a000 'Script1'
Event: 5304.950 Thread 0x00000142a294a4d0 Unloading class 0x00000142a4818000 'Script1'
Event: 5305.339 Thread 0x00000142a294a4d0 Unloading class 0x00000142a480a800 'Script1'
Event: 5305.339 Thread 0x00000142a294a4d0 Unloading class 0x00000142a480c000 'Script1'
Event: 5305.339 Thread 0x00000142a294a4d0 Unloading class 0x00000142a4818800 'Script1'

Classes redefined (0 events):
No events

Internal exceptions (20 events):
Event: 5305.048 Thread 0x00000142ebb39fc0 Exception <a 'java/net/ConnectException'{0x000000060acf6550}: Connection refused: getsockopt> (0x000000060acf6550) 
thrown [s\open\src\hotspot\share\prims\jni.cpp, line 539]
Event: 5305.048 Thread 0x00000142ebb3ace0 Exception <a 'java/net/ConnectException'{0x000000060c7eac28}: Connection refused: getsockopt> (0x000000060c7eac28) 
thrown [s\open\src\hotspot\share\prims\jni.cpp, line 539]
Event: 5305.079 Thread 0x00000142ebb3c090 Exception <a 'java/net/ConnectException'{0x000000060b3e7d50}: Connection refused: getsockopt> (0x000000060b3e7d50) 
thrown [s\open\src\hotspot\share\prims\jni.cpp, line 539]
Event: 5305.110 Thread 0x00000142ebb3cdb0 Exception <a 'java/net/ConnectException'{0x000000060ccfe0d0}: Connection refused: getsockopt> (0x000000060ccfe0d0) 
thrown [s\open\src\hotspot\share\prims\jni.cpp, line 539]
Event: 5305.126 Thread 0x00000142ebb3cdb0 Exception <a 'java/net/ConnectException'{0x000000060ccfefa0}: Connection refused: getsockopt> (0x000000060ccfefa0) 
thrown [s\open\src\hotspot\share\prims\jni.cpp, line 539]
Event: 5305.126 Thread 0x00000142ebb3c090 Exception <a 'java/net/ConnectException'{0x000000060cd0e4a8}: Connection refused: getsockopt> (0x000000060cd0e4a8) 
thrown [s\open\src\hotspot\share\prims\jni.cpp, line 539]
Event: 5305.141 Thread 0x00000142ebb3ace0 Exception <a 'java/net/ConnectException'{0x000000060cba1650}: Connection refused: getsockopt> (0x000000060cba1650) 
thrown [s\open\src\hotspot\share\prims\jni.cpp, line 539]
Event: 5305.141 Thread 0x00000142ebb26b50 Exception <a 'java/net/ConnectException'{0x000000060cba4788}: Connection refused: getsockopt> (0x000000060cba4788) 
thrown [s\open\src\hotspot\share\prims\jni.cpp, line 539]
Event: 5305.157 Thread 0x00000142ebb3cdb0 Exception <a 'java/net/ConnectException'{0x000000060ccffe70}: Connection refused: getsockopt> (0x000000060ccffe70) 
thrown [s\open\src\hotspot\share\prims\jni.cpp, line 539]
Event: 5305.199 Thread 0x00000142ebb3ee80 Exception <a 'java/net/ConnectException'{0x000000060bbb7338}: Connection refused: getsockopt> (0x000000060bbb7338) 
thrown [s\open\src\hotspot\share\prims\jni.cpp, line 539]
Event: 5305.203 Thread 0x00000142ebb3cdb0 Exception <a 'java/net/ConnectException'{0x000000060cd00d40}: Connection refused: getsockopt> (0x000000060cd00d40) 
thrown [s\open\src\hotspot\share\prims\jni.cpp, line 539]
Event: 5305.219 Thread 0x00000142ebb39fc0 Exception <a 'java/net/ConnectException'{0x000000060b4ece98}: Connection refused: getsockopt> (0x000000060b4ece98) 
thrown [s\open\src\hotspot\share\prims\jni.cpp, line 539]
Event: 5305.219 Thread 0x00000142ebb3ee80 Exception <a 'java/net/ConnectException'{0x000000060bbb8208}: Connection refused: getsockopt> (0x000000060bbb8208) 
thrown [s\open\src\hotspot\share\prims\jni.cpp, line 539]
Event: 5305.219 Thread 0x00000142ebb3c090 Exception <a 'java/net/ConnectException'{0x000000060cd0f368}: Connection refused: getsockopt> (0x000000060cd0f368) 
thrown [s\open\src\hotspot\share\prims\jni.cpp, line 539]
Event: 5305.250 Thread 0x00000142ebb3ee80 Exception <a 'java/net/ConnectException'{0x000000060bbb90d8}: Connection refused: getsockopt> (0x000000060bbb90d8) 
thrown [s\open\src\hotspot\share\prims\jni.cpp, line 539]
Event: 5305.289 Thread 0x00000142ebb3f510 Exception <a 'java/net/ConnectException'{0x000000060cc1ac38}: Connection refused: getsockopt> (0x000000060cc1ac38) 
thrown [s\open\src\hotspot\share\prims\jni.cpp, line 539]
Event: 5305.297 Thread 0x00000142ebb3cdb0 Exception <a 'java/net/ConnectException'{0x000000060cc26f88}: Connection refused: getsockopt> (0x000000060cc26f88) 
thrown [s\open\src\hotspot\share\prims\jni.cpp, line 539]
Event: 5305.297 Thread 0x00000142ebb3ee80 Exception <a 'java/net/ConnectException'{0x000000060cc23700}: Connection refused: getsockopt> (0x000000060cc23700) 
thrown [s\open\src\hotspot\share\prims\jni.cpp, line 539]
Event: 5305.314 Thread 0x00000142ebb3ace0 Exception <a 'java/net/ConnectException'{0x000000060cec18e8}: Connection refused: getsockopt> (0x000000060cec18e8) 
thrown [s\open\src\hotspot\share\prims\jni.cpp, line 539]
Event: 5305.314 Thread 0x00000142ebb3f510 Exception <a 'java/net/ConnectException'{0x000000060cc1baf8}: Connection refused: getsockopt> (0x000000060cc1baf8) 
thrown [s\open\src\hotspot\share\prims\jni.cpp, line 539]

ZGC Phase Switch (0 events):
No events

VM Operations (20 events):
Event: 5278.510 Executing VM operation: Cleanup done
Event: 5285.580 Executing VM operation: Cleanup
Event: 5285.581 Executing VM operation: Cleanup done
Event: 5291.436 Executing VM operation: HandshakeAllThreads (HandshakeForDeflation)
Event: 5291.436 Executing VM operation: HandshakeAllThreads (HandshakeForDeflation) done
Event: 5291.436 Executing VM operation: RendezvousGCThreads
Event: 5291.436 Executing VM operation: RendezvousGCThreads done
Event: 5294.438 Executing VM operation: G1CollectForAllocation (G1 Evacuation Pause)
Event: 5294.447 Executing VM operation: G1CollectForAllocation (G1 Evacuation Pause) done
Event: 5304.871 Executing VM operation: G1CollectForAllocation (G1 Evacuation Pause)
Event: 5304.876 Executing VM operation: G1CollectForAllocation (G1 Evacuation Pause) done
Event: 5304.949 Executing VM operation: G1PauseRemark
Event: 5304.964 Executing VM operation: G1PauseRemark done
Event: 5304.987 Executing VM operation: G1PauseCleanup
Event: 5304.987 Executing VM operation: G1PauseCleanup done
Event: 5305.080 Executing VM operation: G1CollectForAllocation (G1 Evacuation Pause)
Event: 5305.084 Executing VM operation: G1CollectForAllocation (G1 Evacuation Pause) done
Event: 5305.254 Executing VM operation: G1CollectForAllocation (G1 Evacuation Pause)
Event: 5305.259 Executing VM operation: G1CollectForAllocation (G1 Evacuation Pause) done
Event: 5305.338 Executing VM operation: G1PauseRemark

Memory protections (0 events):
No events

Nmethod flushes (20 events):
Event: 5304.963 Thread 0x00000142a294a4d0 flushing  nmethod 0x000001428928d210
Event: 5304.963 Thread 0x00000142a294a4d0 flushing  nmethod 0x0000014289626190
Event: 5304.963 Thread 0x00000142a294a4d0 flushing  nmethod 0x00000142896ced10
Event: 5304.963 Thread 0x00000142a294a4d0 flushing  nmethod 0x00000142896cf190
Event: 5304.963 Thread 0x00000142a294a4d0 flushing  nmethod 0x000001428971b590
Event: 5305.350 Thread 0x00000142a294a4d0 flushing  nmethod 0x0000014288702510
Event: 5305.350 Thread 0x00000142a294a4d0 flushing  nmethod 0x0000014288e0ca90
Event: 5305.350 Thread 0x00000142a294a4d0 flushing  nmethod 0x0000014288f9b510
Event: 5305.350 Thread 0x00000142a294a4d0 flushing  nmethod 0x000001428982d390
Event: 5305.350 Thread 0x00000142a294a4d0 flushing  nmethod 0x0000014289ab9890
Event: 5305.350 Thread 0x00000142a294a4d0 flushing  nmethod 0x0000014290274e10
Event: 5305.350 Thread 0x00000142a294a4d0 flushing  nmethod 0x0000014288a23c90
Event: 5305.350 Thread 0x00000142a294a4d0 flushing  nmethod 0x0000014289520e90
Event: 5305.350 Thread 0x00000142a294a4d0 flushing  nmethod 0x00000142885a8d90
Event: 5305.350 Thread 0x00000142a294a4d0 flushing  nmethod 0x0000014288bd1490
Event: 5305.350 Thread 0x00000142a294a4d0 flushing  nmethod 0x00000142893f8010
Event: 5305.350 Thread 0x00000142a294a4d0 flushing  nmethod 0x00000142896a6910
Event: 5305.350 Thread 0x00000142a294a4d0 flushing  nmethod 0x0000014289706e90
Event: 5305.350 Thread 0x00000142a294a4d0 flushing  nmethod 0x00000142888c6090
Event: 5305.350 Thread 0x00000142a294a4d0 flushing  nmethod 0x0000014288d2da10

Events (20 events):
Event: 5305.104 Thread 0x00000142fc928fb0 Thread added: 0x00000142ebb29940
Event: 5305.108 Thread 0x00000142fc928fb0 Thread added: 0x00000142ebb2b380
Event: 5305.109 Thread 0x00000142fc928fb0 Thread added: 0x00000142ebb3b370
Event: 5305.109 Thread 0x00000142fc928fb0 Thread added: 0x00000142ebb3c720
Event: 5305.109 Thread 0x00000142ebb3b370 Thread added: 0x00000142ebb3cdb0
Event: 5305.124 Thread 0x00000142ebb2b380 Thread exited: 0x00000142ebb2b380
Event: 5305.194 Thread 0x00000142fc928fb0 Thread added: 0x00000142ebb2b380
Event: 5305.198 Thread 0x00000142fc928fb0 Thread added: 0x00000142ebb40230
Event: 5305.198 Thread 0x00000142fc928fb0 Thread added: 0x00000142ebb3d440
Event: 5305.198 Thread 0x00000142fc928fb0 Thread added: 0x00000142ebb436b0
Event: 5305.198 Thread 0x00000142ebb3d440 Thread added: 0x00000142ebb3ee80
Event: 5305.215 Thread 0x00000142ebb40230 Thread exited: 0x00000142ebb40230
Event: 5305.259 Thread 0x00000142ebb29940 Thread exited: 0x00000142ebb29940
Event: 5305.259 Thread 0x00000142ebb2b380 Thread exited: 0x00000142ebb2b380
Event: 5305.283 Thread 0x00000142fc928fb0 Thread added: 0x00000142ebb2b380
Event: 5305.288 Thread 0x00000142fc928fb0 Thread added: 0x00000142ebb29940
Event: 5305.288 Thread 0x00000142fc928fb0 Thread added: 0x00000142ebb43d40
Event: 5305.288 Thread 0x00000142fc928fb0 Thread added: 0x00000142ebb3e160
Event: 5305.288 Thread 0x00000142ebb43d40 Thread added: 0x00000142ebb3f510
Event: 5305.303 Thread 0x00000142ebb29940 Thread exited: 0x00000142ebb29940


Dynamic libraries:
0x00007ff675da0000 - 0x00007ff675db0000 	C:\Users\sangeetha\Downloads\jdk-22.0.2_windows-x64_bin\jdk-22.0.2\bin\java.exe
0x00007ffc999b0000 - 0x00007ffc99bc7000 	C:\WINDOWS\SYSTEM32\ntdll.dll
0x00007ffc97cb0000 - 0x00007ffc97d74000 	C:\WINDOWS\System32\KERNEL32.DLL
0x00007ffc96e30000 - 0x00007ffc971ea000 	C:\WINDOWS\System32\KERNELBASE.dll
0x00007ffc973e0000 - 0x00007ffc974f1000 	C:\WINDOWS\System32\ucrtbase.dll
0x00007ffc84f60000 - 0x00007ffc84f77000 	C:\Users\sangeetha\Downloads\jdk-22.0.2_windows-x64_bin\jdk-22.0.2\bin\jli.dll
0x00007ffc7b860000 - 0x00007ffc7b87b000 	C:\Users\sangeetha\Downloads\jdk-22.0.2_windows-x64_bin\jdk-22.0.2\bin\VCRUNTIME140.dll
0x00007ffc997b0000 - 0x00007ffc9995e000 	C:\WINDOWS\System32\USER32.dll
0x00007ffc785e0000 - 0x00007ffc78872000 	C:\WINDOWS\WinSxS\amd64_microsoft.windows.common-controls_6595b64144ccf1df_6.0.22621.4541_none_2710d1c57384c085\COMCTL32.dll
0x00007ffc971f0000 - 0x00007ffc97216000 	C:\WINDOWS\System32\win32u.dll
0x00007ffc97b10000 - 0x00007ffc97bb7000 	C:\WINDOWS\System32\msvcrt.dll
0x00007ffc98a30000 - 0x00007ffc98a59000 	C:\WINDOWS\System32\GDI32.dll
0x00007ffc96c70000 - 0x00007ffc96d8b000 	C:\WINDOWS\System32\gdi32full.dll
0x00007ffc96d90000 - 0x00007ffc96e2a000 	C:\WINDOWS\System32\msvcp_win.dll
0x00007ffc98ad0000 - 0x00007ffc98b01000 	C:\WINDOWS\System32\IMM32.DLL
0x00007ffc91400000 - 0x00007ffc9140c000 	C:\Users\sangeetha\Downloads\jdk-22.0.2_windows-x64_bin\jdk-22.0.2\bin\vcruntime140_1.dll
0x00007ffc718c0000 - 0x00007ffc7194e000 	C:\Users\sangeetha\Downloads\jdk-22.0.2_windows-x64_bin\jdk-22.0.2\bin\msvcp140.dll
0x00007ffc49d50000 - 0x00007ffc4aa99000 	C:\Users\sangeetha\Downloads\jdk-22.0.2_windows-x64_bin\jdk-22.0.2\bin\server\jvm.dll
0x00007ffc98b10000 - 0x00007ffc98bc2000 	C:\WINDOWS\System32\ADVAPI32.dll
0x00007ffc98120000 - 0x00007ffc981c7000 	C:\WINDOWS\System32\sechost.dll
0x00007ffc97500000 - 0x00007ffc97528000 	C:\WINDOWS\System32\bcrypt.dll
0x00007ffc976a0000 - 0x00007ffc977b4000 	C:\WINDOWS\System32\RPCRT4.dll
0x00007ffc97c30000 - 0x00007ffc97ca1000 	C:\WINDOWS\System32\WS2_32.dll
0x00007ffc91110000 - 0x00007ffc91144000 	C:\WINDOWS\SYSTEM32\WINMM.dll
0x00007ffc90d40000 - 0x00007ffc90d4a000 	C:\WINDOWS\SYSTEM32\VERSION.dll
0x00007ffc96a90000 - 0x00007ffc96add000 	C:\WINDOWS\SYSTEM32\POWRPROF.dll
0x00007ffc96970000 - 0x00007ffc96983000 	C:\WINDOWS\SYSTEM32\UMPDC.dll
0x00007ffc95cb0000 - 0x00007ffc95cc8000 	C:\WINDOWS\SYSTEM32\kernel.appcore.dll
0x00007ffc8e670000 - 0x00007ffc8e67a000 	C:\Users\sangeetha\Downloads\jdk-22.0.2_windows-x64_bin\jdk-22.0.2\bin\jimage.dll
0x00007ffc94120000 - 0x00007ffc94352000 	C:\WINDOWS\SYSTEM32\DBGHELP.DLL
0x00007ffc97d80000 - 0x00007ffc98111000 	C:\WINDOWS\System32\combase.dll
0x00007ffc97a30000 - 0x00007ffc97b07000 	C:\WINDOWS\System32\OLEAUT32.dll
0x00007ffc743a0000 - 0x00007ffc743d2000 	C:\WINDOWS\SYSTEM32\dbgcore.DLL
0x00007ffc97360000 - 0x00007ffc973db000 	C:\WINDOWS\System32\bcryptPrimitives.dll
0x00007ffc84f90000 - 0x00007ffc84f9f000 	C:\Users\sangeetha\Downloads\jdk-22.0.2_windows-x64_bin\jdk-22.0.2\bin\instrument.dll
0x00007ffc774c0000 - 0x00007ffc774de000 	C:\Users\sangeetha\Downloads\jdk-22.0.2_windows-x64_bin\jdk-22.0.2\bin\java.dll
0x00007ffc98da0000 - 0x00007ffc99619000 	C:\WINDOWS\System32\SHELL32.dll
0x00007ffc97870000 - 0x00007ffc97a15000 	C:\WINDOWS\System32\ole32.dll
0x00007ffc94bb0000 - 0x00007ffc954b9000 	C:\WINDOWS\SYSTEM32\windows.storage.dll
0x00007ffc94a70000 - 0x00007ffc94baf000 	C:\WINDOWS\SYSTEM32\wintypes.dll
0x00007ffc981d0000 - 0x00007ffc982ca000 	C:\WINDOWS\System32\SHCORE.dll
0x00007ffc97bd0000 - 0x00007ffc97c2e000 	C:\WINDOWS\System32\shlwapi.dll
0x00007ffc96ba0000 - 0x00007ffc96bcb000 	C:\WINDOWS\SYSTEM32\profapi.dll
0x00007ffc709a0000 - 0x00007ffc70a77000 	C:\Users\sangeetha\Downloads\jdk-22.0.2_windows-x64_bin\jdk-22.0.2\bin\jsvml.dll
0x00007ffc75140000 - 0x00007ffc75157000 	C:\Users\sangeetha\Downloads\jdk-22.0.2_windows-x64_bin\jdk-22.0.2\bin\zip.dll
0x00007ffc84f50000 - 0x00007ffc84f60000 	C:\Users\sangeetha\Downloads\jdk-22.0.2_windows-x64_bin\jdk-22.0.2\bin\net.dll
0x00007ffc96130000 - 0x00007ffc96199000 	C:\WINDOWS\system32\mswsock.dll
0x00007ffc76b30000 - 0x00007ffc76b46000 	C:\Users\sangeetha\Downloads\jdk-22.0.2_windows-x64_bin\jdk-22.0.2\bin\nio.dll
0x00007ffc74fe0000 - 0x00007ffc74ffa000 	C:\Program Files\JetBrains\IntelliJ IDEA Community Edition 2024.2.0.2\bin\breakgen64.dll
0x00007ffc84f10000 - 0x00007ffc84f19000 	C:\Users\sangeetha\Downloads\jdk-22.0.2_windows-x64_bin\jdk-22.0.2\bin\extnet.dll
0x00007ffc96390000 - 0x00007ffc963ab000 	C:\WINDOWS\SYSTEM32\CRYPTSP.dll
0x00007ffc95c10000 - 0x00007ffc95c45000 	C:\WINDOWS\system32\rsaenh.dll
0x00007ffc96220000 - 0x00007ffc96248000 	C:\WINDOWS\SYSTEM32\USERENV.dll
0x00007ffc96380000 - 0x00007ffc9638c000 	C:\WINDOWS\SYSTEM32\CRYPTBASE.dll
0x00007ffc95720000 - 0x00007ffc9574d000 	C:\WINDOWS\SYSTEM32\IPHLPAPI.DLL
0x00007ffc97a20000 - 0x00007ffc97a29000 	C:\WINDOWS\System32\NSI.dll
0x00007ffc7b380000 - 0x00007ffc7b390000 	C:\Users\sangeetha\Downloads\jdk-22.0.2_windows-x64_bin\jdk-22.0.2\bin\verify.dll
0x00007ffc95750000 - 0x00007ffc95852000 	C:\WINDOWS\SYSTEM32\DNSAPI.dll
0x00007ffc8fad0000 - 0x00007ffc8fada000 	C:\Windows\System32\rasadhlp.dll
0x00007ffc8ea50000 - 0x00007ffc8ead3000 	C:\WINDOWS\System32\fwpuclnt.dll
0x00007ffc7b850000 - 0x00007ffc7b85e000 	C:\Users\sangeetha\Downloads\jdk-22.0.2_windows-x64_bin\jdk-22.0.2\bin\sunmscapi.dll
0x00007ffc97530000 - 0x00007ffc97696000 	C:\WINDOWS\System32\CRYPT32.dll
0x00007ffc965b0000 - 0x00007ffc965dd000 	C:\WINDOWS\SYSTEM32\ncrypt.dll
0x00007ffc96570000 - 0x00007ffc965a7000 	C:\WINDOWS\SYSTEM32\NTASN1.dll
0x00007ffc154e0000 - 0x00007ffc154e8000 	C:\WINDOWS\system32\wshunix.dll
0x00007ffc2d2b0000 - 0x00007ffc2d2c7000 	C:\WINDOWS\system32\napinsp.dll
0x00007ffc2d2d0000 - 0x00007ffc2d2eb000 	C:\WINDOWS\system32\pnrpnsp.dll
0x00007ffc33230000 - 0x00007ffc33241000 	C:\WINDOWS\System32\winrnr.dll
0x00007ffc910d0000 - 0x00007ffc910e5000 	C:\WINDOWS\system32\wshbth.dll
0x00007ffc592e0000 - 0x00007ffc59307000 	C:\WINDOWS\system32\nlansp_c.dll

dbghelp: loaded successfully - version: 4.0.5 - missing functions: none
symbol engine: initialized successfully - sym options: 0x614 - pdb path: .;C:\Users\sangeetha\Downloads\jdk-22.0.2_windows-x64_bin\jdk-22.0.2\bin;C:\WINDOWS\SYSTEM32;C:\WINDOWS\WinSxS\amd64_microsoft.windows.common-controls_6595b64144ccf1df_6.0.22621.4541_none_2710d1c57384c085;C:\Users\sangeetha\Downloads\jdk-22.0.2_windows-x64_bin\jdk-22.0.2\bin\server;C:\Program Files\JetBrains\IntelliJ IDEA Community Edition 2024.2.0.2\bin

VM Arguments:
jvm_args: -ea -DbrowserMode=headless -Dcucumber.filter.tags=@test -DcredsFilePath=src/test/resources/Credentials.properties.txt -DthreadCount=1 -Denv=dev -Dbrowser=chrome -Didea.test.cyclic.buffer.size=1048576 -javaagent:C:\Program Files\JetBrains\IntelliJ IDEA Community Edition 2024.2.0.2\lib\idea_rt.jar=54516:C:\Program Files\JetBrains\IntelliJ IDEA Community Edition 2024.2.0.2\bin -Dfile.encoding=UTF-8 -Dsun.stdout.encoding=UTF-8 -Dsun.stderr.encoding=UTF-8 
java_command: com.intellij.rt.testng.RemoteTestNGStarter -usedefaultlisteners false -socket54515 @w@C:\Users\sangeetha\AppData\Local\Temp\idea_working_dirs_testng.tmp -temp C:\Users\sangeetha\AppData\Local\Temp\idea_testng.tmp
java_class_path (initial): C:\Program Files\JetBrains\IntelliJ IDEA Community Edition 2024.2.0.2\lib\idea_rt.jar;C:\Program Files\JetBrains\IntelliJ IDEA Community Edition 2024.2.0.2\plugins\testng\lib\testng-rt.jar;C:\Users\sangeetha\Desktop\Test\Masters dms web\Koovers-Webapp-QA-Automation\target\test-classes;C:\Users\sangeetha\Desktop\Test\Masters dms web\Koovers-Webapp-QA-Automation\target\classes;C:\Users\sangeetha\.m2\repository\org\seleniumhq\selenium\selenium-java\4.22.0\selenium-java-4.22.0.jar;C:\Users\sangeetha\.m2\repository\org\seleniumhq\selenium\selenium-api\4.22.0\selenium-api-4.22.0.jar;C:\Users\sangeetha\.m2\repository\org\seleniumhq\selenium\selenium-chrome-driver\4.22.0\selenium-chrome-driver-4.22.0.jar;C:\Users\sangeetha\.m2\repository\com\google\auto\service\auto-service-annotations\1.1.1\auto-service-annotations-1.1.1.jar;C:\Users\sangeetha\.m2\repository\org\seleniumhq\selenium\selenium-chromium-driver\4.22.0\selenium-chromium-driver-4.22.0.jar;C:\Users\sangeetha\.m2\repository\org\seleniumhq\selenium\selenium-json\4.22.0\selenium-json-4.22.0.jar;C:\Users\sangeetha\.m2\repository\org\seleniumhq\selenium\selenium-manager\4.22.0\selenium-manager-4.22.0.jar;C:\Users\sangeetha\.m2\repository\org\seleniumhq\selenium\selenium-devtools-v124\4.22.0\selenium-devtools-v124-4.22.0.jar;C:\Users\sangeetha\.m2\repository\org\seleniumhq\selenium\selenium-devtools-v125\4.22.0\selenium-devtools-v125-4.22.0.jar;C:\Users\sangeetha\.m2\repository\org\seleniumhq\selenium\selenium-devtools-v126\4.22.0\selenium-devtools-v126-4.22.0.jar;C:\Users\sangeetha\.m2\repository\org\seleniumhq\selenium\selenium-devtools-v85\4.22.0\selenium-devtools-v85-4.22.0.jar;C:\Users\sangeetha\.m2\repository\org\seleniumhq\selenium\selenium-edge-driver\4.22.0\selenium-edge-driver-4.22.0.jar;C:\Users\sangeetha\.m2\repository\org\seleniumhq\selenium\selenium-firefox-driver\4.22.0\selenium-firefox-driver-4.22.0.jar;C:\Users\sangeetha\.m2\repository\org\seleniumhq\selenium\selenium-http\4.22.0\selenium-http-4.22.0.jar;C:\Users\sangeetha\.m2\repository\dev\failsafe\failsafe\3.3.2\failsafe-3.3.2.jar;C:\Users\sangeetha\.m2\repository\org\seleniumhq\selenium\selenium-ie-driver\4.22.0\selenium-ie-driver-4.22.0.jar;C:\Users\sangeetha\.m2\repository\org\seleniumhq\selenium\selenium-remote-driver\4.22.0\selenium-remote-driver-4.22.0.jar;C:\Users\sangeetha\.m2\repository\com\google\guava\guava\31.1-jre\guava-31.1-jre.jar;C:\Users\sangeetha\.m2\repository\com\google\guava\failureaccess\1.0.1\failureaccess-1.0.1.jar;C:\Users\sangeetha\.m2\repository\com\google\guava\listenablefuture\9999.0-empty-to-avoid-conflict-with-guava\listenablefuture-9999.0-empty-to-avoid-conflict-with-guava.jar;C:\Users\sangeetha\.m2\repository\com\google\code\findbugs\jsr305\3.0.2\jsr305-3.0.2.jar;C:\Users\sangeetha\.m2\repository\org\checkerframework\checker-qual\3.12.0\checker-qual-3.12.0.jar;C:\Users\sangeetha\.m2\repository\com\google\errorprone\error_prone_annotations\2.11.0\error_prone_annotations-2.11.0.jar;C:\Users\sangeetha\.m2\repository\com\google\j2objc\j2objc-annotations\1.3\j2objc-annotations-1.3.jar;C:\Users\sangeetha\.m2\repository\io\opentelemetry\semconv\opentelemetry-semconv\1.25.0-alpha\opentelemetry-semconv-1.25.0-alpha.jar;C:\Users\sangeetha\.m2\repository\io\opentelemetry\opentelemetry-api\1.39.0\opentelemetry-api-1.39.0.jar;C:\Users\sangeetha\.m2\repository\io\opentelemetry\opentelemetry-context\1.39.0\opentelemetry-context-1.39.0.jar;C:\Users\sangeetha\.m2\repository\io\opentelemetry\opentelemetry-exporter-logging\1.39.0\opentelemetry-exporter-logging-1.39.0.jar;C:\Users\sangeetha\.m2\repository\io\opentelemetry\opentelemetry-sdk-common\1.39.0\opentelemetry-sdk-common-1.39.0.jar;C:\Users\sangeetha\.m2\repository\io\opentelemetry\opentelemetry-sdk-extension-autoconfigure-spi\1.39.0\opentelemetry-sdk-extension-autoconfigure-spi-1.39.0.jar;C:\Users\sangeetha\.m2\repository\io\opentelemetry\opentelemetry-sdk-extension-autoconfigure\1.39.0\opentelemetry-sdk-extension-autoconfigure-1.39.0.jar;C:\Users\sangeetha\.m2\repository\io\opentelemetry\opentelemetry-api-incubator\1.39.0-alpha\opentelemetry-api-incubator-1.39.0-alpha.jar;C:\Users\sangeetha\.m2\repository\io\opentelemetry\opentelemetry-sdk-trace\1.39.0\opentelemetry-sdk-trace-1.39.0.jar;C:\Users\sangeetha\.m2\repository\io\opentelemetry\opentelemetry-sdk\1.39.0\opentelemetry-sdk-1.39.0.jar;C:\Users\sangeetha\.m2\repository\io\opentelemetry\opentelemetry-sdk-metrics\1.39.0\opentelemetry-sdk-metrics-1.39.0.jar;C:\Users\sangeetha\.m2\repository\io\opentelemetry\opentelemetry-sdk-logs\1.39.0\opentelemetry-sdk-logs-1.39.0.jar;C:\Users\sangeetha\.m2\repository\net\bytebuddy\byte-buddy\1.14.17\byte-buddy-1.14.17.jar;C:\Users\sangeetha\.m2\repository\org\seleniumhq\selenium\selenium-os\4.22.0\selenium-os-4.22.0.jar;C:\Users\sangeetha\.m2\repository\org\apache\commons\commons-exec\1.4.0\commons-exec-1.4.0.jar;C:\Users\sangeetha\.m2\repository\org\seleniumhq\selenium\selenium-safari-driver\4.22.0\selenium-safari-driver-4.22.0.jar;C:\Users\sangeetha\.m2\repository\org\seleniumhq\selenium\selenium-support\4.22.0\selenium-support-4.22.0.jar;C:\Users\sangeetha\.m2\repository\io\cucumber\cucumber-java\7.0.0\cucumber-java-7.0.0.jar;C:\Users\sangeetha\.m2\repository\io\cucumber\cucumber-core\7.0.0\cucumber-core-7.0.0.jar;C:\Users\sangeetha\.m2\repository\io\cucumber\cucumber-gherkin\7.0.0\cucumber-gherkin-7.0.0.jar;C:\Users\sangeetha\.m2\repository\io\cucumber\cucumber-gherkin-messages\7.0.0\cucumber-gherkin-messages-7.0.0.jar;C:\Users\sangeetha\.m2\repository\io\cucumber\messages\17.1.1\messages-17.1.1.jar;C:\Users\sangeetha\.m2\repository\io\cucumber\tag-expressions\4.0.2\tag-expressions-4.0.2.jar;C:\Users\sangeetha\.m2\repository\io\cucumber\cucumber-expressions\13.0.1\cucumber-expressions-13.0.1.jar;C:\Users\sangeetha\.m2\repository\io\cucumber\datatable\7.0.0\datatable-7.0.0.jar;C:\Users\sangeetha\.m2\repository\io\cucumber\cucumber-plugin\7.0.0\cucumber-plugin-7.0.0.jar;C:\Users\sangeetha\.m2\repository\io\cucumber\docstring\7.0.0\docstring-7.0.0.jar;C:\Users\sangeetha\.m2\repository\io\cucumber\html-formatter\17.0.0\html-formatter-17.0.0.jar;C:\Users\sangeetha\.m2\repository\io\cucumber\create-meta\6.0.1\create-meta-6.0.1.jar;C:\Users\sangeetha\.m2\repository\org\apiguardian\apiguardian-api\1.1.2\apiguardian-api-1.1.2.jar;C:\Users\sangeetha\.m2\repository\io\rest-assured\rest-assured\4.4.0\rest-assured-4.4.0.jar;C:\Users\sangeetha\.m2\repository\org\codehaus\groovy\groovy\3.0.8\groovy-3.0.8.jar;C:\Users\sangeetha\.m2\repository\org\codehaus\groovy\groovy-xml\3.0.8\groovy-xml-3.0.8.jar;C:\Users\sangeetha\.m2\repository\org\apache\httpcomponents\httpclient\4.5.13\httpclient-4.5.13.jar;C:\Users\sangeetha\.m2\repository\org\apache\httpcomponents\httpcore\4.4.13\httpcore-4.4.13.jar;C:\Users\sangeetha\.m2\repository\commons-logging\commons-logging\1.2\commons-logging-1.2.jar;C:\Users\sangeetha\.m2\repository\org\apache\httpcomponents\httpmime\4.5.13\httpmime-4.5.13.jar;C:\Users\sangeetha\.m2\repository\org\hamcrest\hamcrest\2.1\hamcrest-2.1.jar;C:\Users\sangeetha\.m2\repository\org\ccil\cowan\tagsoup\tagsoup\1.2.1\tagsoup-1.2.1.jar;C:\Users\sangeetha\.m2\repository\io\rest-assured\xml-path\4.4.0\xml-path-4.4.0.jar;C:\Users\sangeetha\.m2\repository\jakarta\xml\bind\jakarta.xml.bind-api\2.3.3\jakarta.xml.bind-api-2.3.3.jar;C:\Users\sangeetha\.m2\repository\jakarta\activation\jakarta.activation-api\1.2.2\jakarta.activation-api-1.2.2.jar;C:\Users\sangeetha\.m2\repository\com\sun\xml\bind\jaxb-impl\2.3.3\jaxb-impl-2.3.3.jar;C:\Users\sangeetha\.m2\repository\io\rest-assured\json-path\4.4.0\json-path-4.4.0.jar;C:\Users\sangeetha\.m2\repository\org\codehaus\groovy\groovy-json\3.0.8\groovy-json-3.0.8.jar;C:\Users\sangeetha\.m2\repository\io\rest-assured\rest-assured-common\4.4.0\rest-assured-common-4.4.0.jar;C:\Users\sangeetha\.m2\repository\com\fasterxml\jackson\core\jackson-databind\2.13.4.1\jackson-databind-2.13.4.1.jar;C:\Users\sangeetha\.m2\repository\com\fasterxml\jackson\core\jackson-annotations\2.13.4\jackson-annotations-2.13.4.jar;C:\Users\sangeetha\.m2\repository\com\fasterxml\jackson\core\jackson-core\2.13.4\jackson-core-2.13.4.jar;C:\Users\sangeetha\.m2\repository\commons-io\commons-io\2.11.0\commons-io-2.11.0.jar;C:\Users\sangeetha\.m2\repository\com\google\code\gson\gson\2.8.9\gson-2.8.9.jar;C:\Users\sangeetha\.m2\repository\io\cucumber\cucumber-testng\7.0.0\cucumber-testng-7.0.0.jar;C:\Users\sangeetha\.m2\repository\org\testng\testng\7.4.0\testng-7.4.0.jar;C:\Users\sangeetha\.m2\repository\com\beust\jcommander\1.78\jcommander-1.78.jar;C:\Users\sangeetha\.m2\repository\org\webjars\jquery\3.5.1\jquery-3.5.1.jar;C:\Users\sangeetha\.m2\repository\io\github\bonigarcia\webdrivermanager\5.8.0\webdrivermanager-5.8.0.jar;C:\Users\sangeetha\.m2\repository\org\slf4j\slf4j-api\2.0.12\slf4j-api-2.0.12.jar;C:\Users\sangeetha\.m2\repository\com\github\docker-java\docker-java\3.3.6\docker-java-3.3.6.jar;C:\Users\sangeetha\.m2\repository\com\github\docker-java\docker-java-core\3.3.6\docker-java-core-3.3.6.jar;C:\Users\sangeetha\.m2\repository\com\github\docker-java\docker-java-api\3.3.6\docker-java-api-3.3.6.jar;C:\Users\sangeetha\.m2\repository\org\bouncycastle\bcpkix-jdk18on\1.76\bcpkix-jdk18on-1.76.jar;C:\Users\sangeetha\.m2\repository\org\bouncycastle\bcprov-jdk18on\1.76\bcprov-jdk18on-1.76.jar;C:\Users\sangeetha\.m2\repository\org\bouncycastle\bcutil-jdk18on\1.76\bcutil-jdk18on-1.76.jar;C:\Users\sangeetha\.m2\repository\org\slf4j\jcl-over-slf4j\1.7.30\jcl-over-slf4j-1.7.30.jar;C:\Users\sangeetha\.m2\repository\com\github\docker-java\docker-java-transport-httpclient5\3.3.6\docker-java-transport-httpclient5-3.3.6.jar;C:\Users\sangeetha\.m2\repository\com\github\docker-java\docker-java-transport\3.3.6\docker-java-transport-3.3.6.jar;C:\Users\sangeetha\.m2\repository\net\java\dev\jna\jna\5.13.0\jna-5.13.0.jar;C:\Users\sangeetha\.m2\repository\org\brotli\dec\0.1.2\dec-0.1.2.jar;C:\Users\sangeetha\.m2\repository\org\apache\commons\commons-lang3\3.14.0\commons-lang3-3.14.0.jar;C:\Users\sangeetha\.m2\repository\org\apache\commons\commons-compress\1.26.1\commons-compress-1.26.1.jar;C:\Users\sangeetha\.m2\repository\org\apache\httpcomponents\client5\httpclient5\5.2.1\httpclient5-5.2.1.jar;C:\Users\sangeetha\.m2\repository\org\apache\httpcomponents\core5\httpcore5\5.2\httpcore5-5.2.jar;C:\Users\sangeetha\.m2\repository\org\apache\httpcomponents\core5\httpcore5-h2\5.2\httpcore5-h2-5.2.jar;C:\Users\sangeetha\.m2\repository\io\cucumber\cucumber-picocontainer\7.0.0\cucumber-picocontainer-7.0.0.jar;C:\Users\sangeetha\.m2\repository\org\picocontainer\picocontainer\2.15\picocontainer-2.15.jar;C:\Users\sangeetha\.m2\repository\tech\grasshopper\extentreports-cucumber7-adapter\1.2.0\extentreports-cucumber7-adapter-1.2.0.jar;C:\Users\sangeetha\.m2\repository\com\aventstack\extentreports\5.0.9\extentreports-5.0.9.jar;C:\Users\sangeetha\.m2\repository\io\reactivex\rxjava3\rxjava\3.0.4\rxjava-3.0.4.jar;C:\Users\sangeetha\.m2\repository\org\reactivestreams\reactive-streams\1.0.3\reactive-streams-1.0.3.jar;C:\Users\sangeetha\.m2\repository\org\freemarker\freemarker\2.3.30\freemarker-2.3.30.jar;C:\Users\sangeetha\.m2\repository\tech\grasshopper\extent-pdf-report\1.7.4\extent-pdf-report-1.7.4.jar;C:\Users\sangeetha\.m2\repository\tech\grasshopper\cucumber-pdf-report\2.2.4\cucumber-pdf-report-2.2.4.jar;C:\Users\sangeetha\.m2\repository\org\apache\pdfbox\pdfbox\2.0.22\pdfbox-2.0.22.jar;C:\Users\sangeetha\.m2\repository\org\apache\pdfbox\fontbox\2.0.22\fontbox-2.0.22.jar;C:\Users\sangeetha\.m2\repository\org\knowm\xchart\xchart\3.8.0\xchart-3.8.0.jar;C:\Users\sangeetha\.m2\repository\de\erichseifert\vectorgraphics2d\VectorGraphics2D\0.13\VectorGraphics2D-0.13.jar;C:\Users\sangeetha\.m2\repository\de\rototor\pdfbox\graphics2d\0.30\graphics2d-0.30.jar;C:\Users\sangeetha\.m2\repository\com\madgag\animated-gif-lib\1.4\animated-gif-lib-1.4.jar;C:\Users\sangeetha\.m2\repository\org\yaml\snakeyaml\1.28\snakeyaml-1.28.jar;C:\Users\sangeetha\.m2\repository\tech\grasshopper\table-layout\1.2.0\table-layout-1.2.0.jar;C:\Users\sangeetha\.m2\repository\org\jsoup\jsoup\1.13.1\jsoup-1.13.1.jar;C:\Users\sangeetha\.m2\repository\com\aventstack\klov-reporter\5.0.9\klov-reporter-5.0.9.jar;C:\Users\sangeetha\.m2\repository\org\mongodb\mongodb-driver\3.6.4\mongodb-driver-3.6.4.jar;C:\Users\sangeetha\.m2\repository\org\mongodb\mongodb-driver-core\3.6.4\mongodb-driver-core-3.6.4.jar;C:\Users\sangeetha\.m2\repository\org\mongodb\bson\3.6.4\bson-3.6.4.jar;C:\Users\sangeetha\.m2\repository\tech\grasshopper\htmlextentreporter\1.0.0\htmlextentreporter-1.0.0.jar;C:\Users\sangeetha\.m2\repository\org\projectlombok\lombok\1.18.32\lombok-1.18.32.jar;C:\Users\sangeetha\.m2\repository\org\apache\poi\poi\5.2.2\poi-5.2.2.jar;C:\Users\sangeetha\.m2\repository\commons-codec\commons-codec\1.15\commons-codec-1.15.jar;C:\Users\sangeetha\.m2\repository\org\apache\commons\commons-collections4\4.4\commons-collections4-4.4.jar;C:\Users\sangeetha\.m2\repository\org\apache\commons\commons-math3\3.6.1\commons-math3-3.6.1.jar;C:\Users\sangeetha\.m2\repository\com\zaxxer\SparseBitSet\1.2\SparseBitSet-1.2.jar;C:\Users\sangeetha\.m2\repository\org\apache\logging\log4j\log4j-api\2.17.2\log4j-api-2.17.2.jar;C:\Users\sangeetha\.m2\repository\org\apache\poi\poi-ooxml\5.2.2\poi-ooxml-5.2.2.jar;C:\Users\sangeetha\.m2\repository\org\apache\poi\poi-ooxml-lite\5.2.2\poi-ooxml-lite-5.2.2.jar;C:\Users\sangeetha\.m2\repository\org\apache\xmlbeans\xmlbeans\5.0.3\xmlbeans-5.0.3.jar;C:\Users\sangeetha\.m2\repository\com\github\virtuald\curvesapi\1.07\curvesapi-1.07.jar;C:\Users\sangeetha\.m2\repository\com\github\javafaker\javafaker\1.0.2\javafaker-1.0.2.jar;C:\Users\sangeetha\.m2\repository\org\yaml\snakeyaml\1.23\snakeyaml-1.23-android.jar;C:\Users\sangeetha\.m2\repository\com\github\mifmif\generex\1.0.2\generex-1.0.2.jar;C:\Users\sangeetha\.m2\repository\dk\brics\automaton\automaton\1.11-8\automaton-1.11-8.jar;C:\Users\sangeetha\.m2\repository\io\github\benas\random-beans\3.7.0\random-beans-3.7.0.jar;C:\Users\sangeetha\.m2\repository\org\objenesis\objenesis\2.5.1\objenesis-2.5.1.jar;C:\Users\sangeetha\.m2\repository\io\github\lukehutch\fast-classpath-scanner\2.2.1\fast-classpath-scanner-2.2.1.jar;C:\Users\sangeetha\.m2\repository\com\jcraft\jsch\0.1.55\jsch-0.1.55.jar;C:\Users\sangeetha\.m2\repository\com\mysql\mysql-connector-j\8.3.0\mysql-connector-j-8.3.0.jar;C:\Users\sangeetha\.m2\repository\com\google\protobuf\protobuf-java\3.25.1\protobuf-java-3.25.1.jar
Launcher Type: SUN_STANDARD

[Global flags]
     intx CICompilerCount                          = 4                                         {product} {ergonomic}
     uint ConcGCThreads                            = 2                                         {product} {ergonomic}
     uint G1ConcRefinementThreads                  = 8                                         {product} {ergonomic}
   size_t G1HeapRegionSize                         = 4194304                                   {product} {ergonomic}
   size_t InitialHeapSize                          = 536870912                                 {product} {ergonomic}
   size_t MarkStackSize                            = 4194304                                   {product} {ergonomic}
   size_t MaxHeapSize                              = 8543797248                                {product} {ergonomic}
   size_t MaxNewSize                               = 5125439488                                {product} {ergonomic}
   size_t MinHeapDeltaBytes                        = 4194304                                   {product} {ergonomic}
   size_t MinHeapSize                              = 8388608                                   {product} {ergonomic}
    uintx NonNMethodCodeHeapSize                   = 5839372                                {pd product} {ergonomic}
    uintx NonProfiledCodeHeapSize                  = 122909434                              {pd product} {ergonomic}
    uintx ProfiledCodeHeapSize                     = 122909434                              {pd product} {ergonomic}
    uintx ReservedCodeCacheSize                    = 251658240                              {pd product} {ergonomic}
     bool SegmentedCodeCache                       = true                                      {product} {ergonomic}
   size_t SoftMaxHeapSize                          = 8543797248                             {manageable} {ergonomic}
     bool UseCompressedOops                        = true                           {product lp64_product} {ergonomic}
     bool UseG1GC                                  = true                                      {product} {ergonomic}
     bool UseLargePagesIndividualAllocation        = false                                  {pd product} {ergonomic}

Logging:
Log output configuration:
 #0: stdout all=warning uptime,level,tags foldmultilines=false
 #1: stderr all=off uptime,level,tags foldmultilines=false

Environment Variables:
JAVA_HOME=C:\Users\sangeetha\Downloads\jdk-22.0.2_windows-x64_bin\jdk-22.0.2
PATH=C:\WINDOWS\system32;C:\WINDOWS;C:\WINDOWS\System32\Wbem;C:\WINDOWS\System32\WindowsPowerShell\v1.0\;C:\WINDOWS\System32\OpenSSH\;C:\Program Files (x86)\Microsoft SQL Server\160\Tools\Binn\;C:\Program Files\Microsoft SQL Server\160\Tools\Binn\;C:\Program Files\Microsoft SQL Server\Client SDK\ODBC\170\Tools\Binn\;C:\Program Files\Microsoft SQL Server\160\DTS\Binn\;C:\Program Files\TortoiseSVN\bin;C:\Project\Maven\apache-maven-3.9.9\bin;C:\Users\sangeetha\AppData\Local\Android\Sdk\platform-tools;C:\Program Files\nodejs\;C:\Program Files\nodejs\node_modules\npm\bin;C:\Users\sangeetha\Downloads\jdk-22.0.2_windows-x64_bin\jdk-22.0.2\bin;C:\Project\Maven\apache-maven-3.9.9\bin;C:\Users\sangeetha\AppData\Local\Microsoft\WindowsApps;C:\Project\Maven\apache-maven-3.9.9\bin;C:\Program Files\Java\jdk-21\bin;C:\Users\sangeetha\AppData\Roaming\npm
USERNAME=Surendiran N
OS=Windows_NT
PROCESSOR_IDENTIFIER=Intel64 Family 6 Model 142 Stepping 12, GenuineIntel
TMP=C:\Users\SANGEE~1\AppData\Local\Temp
TEMP=C:\Users\SANGEE~1\AppData\Local\Temp




Periodic native trim disabled

---------------  S Y S T E M  ---------------

OS:
 Windows 11 , 64 bit Build 22621 (10.0.22621.4391)
OS uptime: 2 days 2:29 hours

CPU: total 8 (initial active 8) (4 cores per cpu, 2 threads per core) family 6 model 142 stepping 12 microcode 0xf8, cx8, cmov, fxsr, ht, mmx, 3dnowpref, sse, sse2, sse3, ssse3, sse4.1, sse4.2, popcnt, lzcnt, tsc, tscinvbit, avx, avx2, aes, erms, clmul, bmi1, bmi2, adx, fma, vzeroupper, clflush, clflushopt, rdtscp, f16c
Processor Information for all 8 processors :
  Max Mhz: 1896, Current Mhz: 1596, Mhz Limit: 1592

Memory: 4k page, system-wide physical 32578M (5933M free)
TotalPageFile size 130882M (AvailPageFile size 6M)
current process WorkingSet (physical memory assigned to process): 377M, peak: 424M
current process commit charge ("private bytes"): 489M, peak: 673M

vm_info: Java HotSpot(TM) 64-Bit Server VM (22.0.2+9-70) for windows-amd64 JRE (22.0.2+9-70), built on 2024-06-04T16:52:23Z by "mach5one" with MS VC++ 17.6 (VS2022)

END.
